Molecule_Name,Adduct,Expected m/z,Observed m/z,Observed RT (min),Observed CCS (Å²),InChI,smiles
"10,11-Dihydro-10-hydroxycarbamazepine",+Na,277.0947,277.0943,6.762,161.63,"1S/C15H14N2O2/c16-15(19)17-12-7-3-1-5-10(12)9-14(18)11-6-2-4-8-13(11)17/h1-8,14,18H,9H2,(H2,16,19)",N=C(O)N1c2ccccc2CC(O)c2ccccc21
"10,11-Dihydro-10-hydroxycarbamazepine",+H,255.1128,255.1128,6.76,223.91,"1S/C15H14N2O2/c16-15(19)17-12-7-3-1-5-10(12)9-14(18)11-6-2-4-8-13(11)17/h1-8,14,18H,9H2,(H2,16,19)",N=C(O)N1c2ccccc2CC(O)c2ccccc21
10-Hydroxycarbamazepine,+Na,277.0947,277.0946,6.789,160.13,"1S/C15H14N2O2/c16-15(19)17-12-7-3-1-5-10(12)9-14(18)11-6-2-4-8-13(11)17/h1-8,14,18H,9H2,(H2,16,19)",N=C(O)N1c2ccccc2CC(O)c2ccccc21
10-Hydroxycarbamazepine,+H,255.1128,255.1128,6.789,154.82,"1S/C15H14N2O2/c16-15(19)17-12-7-3-1-5-10(12)9-14(18)11-6-2-4-8-13(11)17/h1-8,14,18H,9H2,(H2,16,19)",N=C(O)N1c2ccccc2CC(O)c2ccccc21
2-(methylthio)benzothiazole,+H,182.0093,182.0088,11.683,131.51,"1S/C8H7NS2/c1-10-8-9-6-4-2-3-5-7(6)11-8/h2-5H,1H3",CSc1nc2ccccc2s1
2-aminobenzothiazole,+H,151.0324,151.0318,3.424,128.84,"1S/C7H6N2S/c8-7-9-5-3-1-2-4-6(5)10-7/h1-4H,(H2,8,9)",N=c1[nH]c2ccccc2s1
2-hydroxybenzothiazole,-e,151.0086,151.0087,6.94,121.28,"1S/C7H5NOS/c9-7-8-5-3-1-2-4-6(5)10-7/h1-4H,(H,8,9)",Oc1nc2ccccc2s1
2-hydroxybenzothiazole,+H,152.0165,152.0164,6.939,125.78,"1S/C7H5NOS/c9-7-8-5-3-1-2-4-6(5)10-7/h1-4H,(H,8,9)",Oc1nc2ccccc2s1
2-methylbenzothiazole,+H,150.0372,150.0371,8.776,124.97,"1S/C8H7NS/c1-6-9-7-4-2-3-5-8(7)10-6/h2-5H,1H3",Cc1nc2ccccc2s1
"3,4-Dichloroaniline",+H,161.9872,161.9668,9.25,140.05,"1S/C6H5Cl2N/c7-5-2-1-4(9)3-6(5)8/h1-3H,9H2",Nc1ccc(Cl)c(Cl)c1
"4-Androstene-3,17-dione",+Na,309.1825,309.1822,11.648,198.81,"1S/C19H26O2/c1-18-9-7-13(20)11-12(18)3-4-14-15-5-6-17(21)19(15,2)10-8-16(14)18/h11,14-16H,3-10H2,1-2H3/t14-,15-,16-,18-,19-/m0/s1",C[C@]12CC[C@H]3[C@@H](CCC4=CC(=O)CC[C@@]43C)[C@@H]1CCC2=O
"4-Androstene-3,17-dione",+H,287.2006,287.2004,11.645,173.27,"1S/C19H26O2/c1-18-9-7-13(20)11-12(18)3-4-14-15-5-6-17(21)19(15,2)10-8-16(14)18/h11,14-16H,3-10H2,1-2H3/t14-,15-,16-,18-,19-/m0/s1",C[C@]12CC[C@H]3[C@@H](CCC4=CC(=O)CC[C@@]43C)[C@@H]1CCC2=O
4-Hydroxyphenylacetamide,+H,152.0706,152.0702,2.301,136.56,"1S/C8H9NO2/c9-8(11)5-6-1-3-7(10)4-2-6/h1-4,10H,5H2,(H2,9,11)",N=C(O)Cc1ccc(O)cc1
5-Chlorobenzotriazole,+H,154.0167,154.0165,6.766,126.66,"1S/C6H4ClN3/c7-4-1-2-5-6(3-4)9-10-8-5/h1-3H,(H,8,9,10)",Clc1ccc2nn[nH]c2c1
5-Methyl-1H-benzotriazole,+H,134.0713,134.0711,5.951,125.22,"1S/C7H7N3/c1-5-2-3-6-7(4-5)9-10-8-6/h2-4H,1H3,(H,8,9,10)",Cc1ccc2nn[nH]c2c1
Acephate,+Na,206.0011,206.0007,2.365,138.55,"1S/C4H10NO3PS/c1-4(6)5-9(7,8-2)10-3/h1-3H3,(H,5,6,7)/t9-/m0/s1",CO[P@@](=O)(N=C(C)O)SC
Acetaminophen,+H,152.0706,152.0705,2.649,130.43,"1S/C8H9NO2/c1-6(10)9-7-2-4-8(11)5-3-7/h2-5,11H,1H3,(H,9,10)",CC(O)=Nc1ccc(O)cc1
Acetaminophen,+H,152.0706,152.0705,2.649,130.43,"1S/C8H9NO2/c1-6(10)9-7-2-4-8(11)5-3-7/h2-5,11H,1H3,(H,9,10)",CC(O)=Nc1ccc(O)cc1
Acetaminophen,+H,152.0706,152.0702,2.654,132.23,"1S/C8H9NO2/c1-6(10)9-7-2-4-8(11)5-3-7/h2-5,11H,1H3,(H,9,10)",CC(O)=Nc1ccc(O)cc1
Acetaminophen,+H,152.0706,152.0702,2.654,132.23,"1S/C8H9NO2/c1-6(10)9-7-2-4-8(11)5-3-7/h2-5,11H,1H3,(H,9,10)",CC(O)=Nc1ccc(O)cc1
Acetaminophen Dimer,+Na,323.1022,323.1015,4.205,174.36,"1S/C16H16N2O4/c1-7(19)9-3-4-13(21)11(5-9)12-6-10(8(2)20)14(17)15(18)16(12)22/h3-6,21-22H,17-18H2,1-2H3",CC(=O)c1ccc(O)c(-c2cc(C(C)=O)c(N)c(N)c2O)c1
Acetaminophen Dimer,+H,301.1183,301.1191,4.206,174.32,"1S/C16H16N2O4/c1-7(19)9-3-4-13(21)11(5-9)12-6-10(8(2)20)14(17)15(18)16(12)22/h3-6,21-22H,17-18H2,1-2H3",CC(=O)c1ccc(O)c(-c2cc(C(C)=O)c(N)c(N)c2O)c1
Acetaminophen-d4,+H,156.0953,156.0952,2.637,132.87,"1S/C8H9NO2/c1-6(10)9-7-2-4-8(11)5-3-7/h2-5,11H,1H3,(H,9,10)/i2D,3D,4D,5D",[2H]c1c([2H])c(N=C(C)O)c([2H])c([2H])c1O
Acetamiprid,+Na,245.0564,245.0566,6.362,160.29,"1S/C10H11ClN4/c1-8(14-7-12)15(2)6-9-3-4-10(11)13-5-9/h3-5H,6H2,1-2H3/b14-8+",C/C(=N\C#N)N(C)Cc1ccc(Cl)nc1
Acetamiprid,+H,223.0745,223.0743,6.363,153.15,"1S/C10H11ClN4/c1-8(14-7-12)15(2)6-9-3-4-10(11)13-5-9/h3-5H,6H2,1-2H3/b14-8+",C/C(=N\C#N)N(C)Cc1ccc(Cl)nc1
Acetochlor-2-hydroxy,+Na,274.1414,274.1411,10.529,174.59,"1S/C14H21NO3/c1-4-12-8-6-7-11(3)14(12)15(10-18-5-2)13(17)9-16/h6-8,16H,4-5,9-10H2,1-3H3",CCOCN(C(=O)CO)c1c(C)cccc1CC
Acetochlor-2-hydroxy,+H,252.1594,252.1593,10.526,161.33,"1S/C14H21NO3/c1-4-12-8-6-7-11(3)14(12)15(10-18-5-2)13(17)9-16/h6-8,16H,4-5,9-10H2,1-3H3",CCOCN(C(=O)CO)c1c(C)cccc1CC
Acetylsulfamethoxazole,+Na,318.0519,318.0515,6.802,239.38,"1S/C12H13N3O4S/c1-8-7-12(14-19-8)15-20(17,18)11-5-3-10(4-6-11)13-9(2)16/h3-7H,1-2H3,(H,13,16)(H,14,15)",CC(O)=Nc1ccc(S(=O)(=O)Nc2cc(C)on2)cc1
Acetylsulfamethoxazole,+H,296.07,296.0696,6.801,192.44,"1S/C12H13N3O4S/c1-8-7-12(14-19-8)15-20(17,18)11-5-3-10(4-6-11)13-9(2)16/h3-7H,1-2H3,(H,13,16)(H,14,15)",CC(O)=Nc1ccc(S(=O)(=O)Nc2cc(C)on2)cc1
Acridine,+H,180.0808,180.0804,4.611,136.41,1S/C13H9N/c1-3-7-12-10(5-1)9-11-6-2-4-8-13(11)14-12/h1-9H,c1ccc2nc3ccccc3cc2c1
Adenosine,+H,268.104,268.1038,1.264,158.91,"1S/C10H13N5O4/c11-8-5-9(13-2-12-8)15(3-14-5)10-7(18)6(17)4(1-16)19-10/h2-4,6-7,10,16-18H,1H2,(H2,11,12,13)/t4-,6+,7+,10+/m0/s1",Nc1ncnc2c1ncn2[C@@H]1O[C@@H](CO)[C@@H](O)[C@H]1O
Amisulpride,+H,370.1795,370.18,4.904,193.79,"1S/C17H27N3O4S/c1-4-20-8-6-7-12(20)11-19-17(21)13-9-16(25(22,23)5-2)14(18)10-15(13)24-3/h9-10,12H,4-8,11,18H2,1-3H3,(H,19,21)/t12-/m1/s1",CCN1CCC[C@@H]1CN=C(O)c1cc(S(=O)(=O)CC)c(N)cc1OC
Amisulpride N-oxide,+H,386.1744,386.1737,5.356,196.87,"1S/C17H27N3O5S/c1-4-20(22)8-6-7-12(20)11-19-17(21)13-9-16(26(23,24)5-2)14(18)10-15(13)25-3/h9-10,12H,4-8,11,18H2,1-3H3,(H,19,21)/t12-,20?/m1/s1",CC[N+]1([O-])CCC[C@@H]1CN=C(O)c1cc(S(=O)(=O)CC)c(N)cc1OC
Amitrol,+H,85.0509,85.0511,0.569,116.08,"1S/C2H4N4/c3-2-4-1-5-6-2/h1H,(H3,3,4,5,6)",N=c1nc[nH][nH]1
Amoxicillin,+H,366.1128,366.112,2.751,179.17,"1S/C16H19N3O5S/c1-16(2)11(15(23)24)19-13(22)10(14(19)25-16)18-12(21)9(17)7-3-5-8(20)6-4-7/h3-6,9-11,14,20H,17H2,1-2H3,(H,18,21)(H,23,24)/t9-,10-,11+,14-/m1/s1",CC1(C)S[C@@H]2[C@H](N=C(O)[C@H](N)c3ccc(O)cc3)C(=O)N2[C@H]1C(=O)O
Ampicilline,+Na,372.0988,372.098,12.772,188.14,"1S/C16H19N3O4S/c1-16(2)11(15(22)23)19-13(21)10(14(19)24-16)18-12(20)9(17)8-6-4-3-5-7-8/h3-7,9-11,14H,17H2,1-2H3,(H,18,20)(H,22,23)/t9-,10-,11+,14-/m1/s1",CC1(C)S[C@@H]2[C@H](N=C(O)[C@H](N)c3ccccc3)C(=O)N2[C@H]1C(=O)O
Ampicilline,+Na,372.0988,372.098,12.772,188.14,"1S/C16H19N3O4S/c1-16(2)11(15(22)23)19-13(21)10(14(19)24-16)18-12(20)9(17)8-6-4-3-5-7-8/h3-7,9-11,14H,17H2,1-2H3,(H,18,20)(H,22,23)/t9-,10-,11+,14-/m1/s1",CC1(C)S[C@@H]2[C@H](N=C(O)[C@H](N)c3ccccc3)C(=O)N2[C@H]1C(=O)O
Ampicilline,+H,350.1169,350.1168,4.544,185.73,"1S/C16H19N3O4S/c1-16(2)11(15(22)23)19-13(21)10(14(19)24-16)18-12(20)9(17)8-6-4-3-5-7-8/h3-7,9-11,14H,17H2,1-2H3,(H,18,20)(H,22,23)/t9-,10-,11+,14-/m1/s1",CC1(C)S[C@@H]2[C@H](N=C(O)[C@H](N)c3ccccc3)C(=O)N2[C@H]1C(=O)O
Ampicilline,+H,350.1169,350.1168,4.544,185.73,"1S/C16H19N3O4S/c1-16(2)11(15(22)23)19-13(21)10(14(19)24-16)18-12(20)9(17)8-6-4-3-5-7-8/h3-7,9-11,14H,17H2,1-2H3,(H,18,20)(H,22,23)/t9-,10-,11+,14-/m1/s1",CC1(C)S[C@@H]2[C@H](N=C(O)[C@H](N)c3ccccc3)C(=O)N2[C@H]1C(=O)O
Aspartame,+H,295.1288,295.129,5.035,168.41,"1S/C14H18N2O5/c1-21-14(20)11(7-9-5-3-2-4-6-9)16-13(19)10(15)8-12(17)18/h2-6,10-11H,7-8,15H2,1H3,(H,16,19)(H,17,18)/t10-,11+/m1/s1",COC(=O)[C@H](Cc1ccccc1)N=C(O)[C@H](N)CC(=O)O
Atenolol,+H,267.1703,267.1706,3.042,159.04,"1S/C14H22N2O3/c1-10(2)16-8-12(17)9-19-13-5-3-11(4-6-13)7-14(15)18/h3-6,10,12,16-17H,7-9H2,1-2H3,(H2,15,18)",CC(C)NCC(O)COc1ccc(CC(=N)O)cc1
Atenolol-d7,-e,273.2064,273.2075,2.9,160.05,"1S/C14H22N2O3/c1-10(2)16-8-12(17)9-19-13-5-3-11(4-6-13)7-14(15)18/h3-6,10,12,16-17H,7-9H2,1-2H3,(H2,15,18)/t12-/m0/s1/i1D3,2D3,10D",[2H]C([2H])([2H])C([2H])(NC[C@H](O)COc1ccc(CC(=N)O)cc1)C([2H])([2H])[2H]
Atenolol-d7,+H,274.214,274.2139,2.895,160.05,"1S/C14H22N2O3/c1-10(2)16-8-12(17)9-19-13-5-3-11(4-6-13)7-14(15)18/h3-6,10,12,16-17H,7-9H2,1-2H3,(H2,15,18)/t12-/m0/s1/i1D3,2D3,10D",[2H]C([2H])([2H])C([2H])(NC[C@H](O)COc1ccc(CC(=N)O)cc1)C([2H])([2H])[2H]
Atrazine,+H,216.101,216.1007,9.626,150.32,"1S/C8H14ClN5/c1-4-10-7-12-6(9)13-8(14-7)11-5(2)3/h5H,4H2,1-3H3,(H2,10,11,12,13,14)",CCN=c1nc(Cl)[nH]c(=NC(C)C)[nH]1
Atrazine,+H,216.101,216.1007,9.626,150.32,"1S/C8H14ClN5/c1-4-10-7-12-6(9)13-8(14-7)11-5(2)3/h5H,4H2,1-3H3,(H2,10,11,12,13,14)",CCN=c1nc(Cl)[nH]c(=NC(C)C)[nH]1
Atrazine,+H,216.1013,216.1013,9.67,149.41,"1S/C8H14ClN5/c1-4-10-7-12-6(9)13-8(14-7)11-5(2)3/h5H,4H2,1-3H3,(H2,10,11,12,13,14)",CCN=c1nc(Cl)[nH]c(=NC(C)C)[nH]1
Atrazine,+H,216.1013,216.1013,9.67,149.41,"1S/C8H14ClN5/c1-4-10-7-12-6(9)13-8(14-7)11-5(2)3/h5H,4H2,1-3H3,(H2,10,11,12,13,14)",CCN=c1nc(Cl)[nH]c(=NC(C)C)[nH]1
Atrazine-2-OH,+H,198.1349,198.1349,4.591,147.76,"1S/C8H15N5O/c1-4-9-6-11-7(10-5(2)3)13-8(14)12-6/h5H,4H2,1-3H3,(H3,9,10,11,12,13,14)",CCN=c1nc(O)[nH]c(=NC(C)C)[nH]1
Atrazine-d5,+H,221.1324,221.1326,9.59,150.31,"1S/C8H14ClN5/c1-4-10-7-12-6(9)13-8(14-7)11-5(2)3/h5H,4H2,1-3H3,(H2,10,11,12,13,14)",CCN=c1nc(Cl)[nH]c(=NC(C)C)[nH]1
Atrazine-desethyl,+H,188.0697,188.07,5.88,139.79,"1S/C6H10ClN5/c1-3(2)9-6-11-4(7)10-5(8)12-6/h3H,1-2H3,(H3,8,9,10,11,12)",CC(C)N=c1[nH]c(Cl)nc(=N)[nH]1
Atrazine-desethyl-2-OH,+H,170.1036,170.1035,1.66,137.25,"1S/C6H11N5O/c1-3(2)8-5-9-4(7)10-6(12)11-5/h3H,1-2H3,(H4,7,8,9,10,11,12)",CC(C)N=c1[nH]c(O)nc(=N)[nH]1
Atrazine-desethyl-desisopropyl,+H,146.0228,146.0229,5.876,123.1,"1S/C3H4ClN5/c4-1-7-2(5)9-3(6)8-1/h(H4,5,6,7,8,9)",N=c1nc(Cl)[nH]c(=N)[nH]1
Atrazine-desethyl-desisopropyl-2-OH,+H,128.0567,128.0565,1.667,121.75,"1S/C3H5N5O/c4-1-6-2(5)8-3(9)7-1/h(H5,4,5,6,7,8,9)",N=c1nc(O)[nH]c(=N)[nH]1
Atrazine-desisopropyl,+H,174.0541,174.054,4.375,133.26,"1S/C5H8ClN5/c1-2-8-5-10-3(6)9-4(7)11-5/h2H2,1H3,(H3,7,8,9,10,11)",CCN=c1[nH]c(Cl)nc(=N)[nH]1
Atrazine-desisopropyl-2-OH,+H,156.088,156.088,0.893,131.15,"1S/C5H9N5O/c1-2-7-4-8-3(6)9-5(11)10-4/h2H2,1H3,(H4,6,7,8,9,10,11)",CCN=c1[nH]c(O)nc(=N)[nH]1
Avermectin B1a,+NH4,890.526,890.5282,19.189,295.12,"1S/C48H72O14/c1-11-25(2)43-28(5)17-18-47(62-43)23-34-20-33(61-47)16-15-27(4)42(26(3)13-12-14-32-24-55-45-40(49)29(6)19-35(46(51)58-34)48(32,45)52)59-39-22-37(54-10)44(31(8)57-39)60-38-21-36(53-9)41(50)30(7)56-38/h12-15,17-19,25-26,28,30-31,33-45,49-50,52H,11,16,20-24H2,1-10H3/b13-12+,27-15+,32-14+/t25-,26-,28-,30-,31-,33+,34-,35-,36-,37-,38-,39-,40+,41-,42-,43+,44-,45+,47+,48+/m0/s1",CC[C@H](C)[C@H]1O[C@]2(C=C[C@@H]1C)C[C@@H]1C[C@@H](C/C=C(\C)[C@@H](O[C@H]3C[C@H](OC)[C@@H](O[C@H]4C[C@H](OC)[C@@H](O)[C@H](C)O4)[C@H](C)O3)[C@@H](C)/C=C/C=C3\CO[C@@H]4[C@H](O)C(C)=C[C@@H](C(=O)O1)[C@]34O)O2
Avermectin B1a,+Na,895.4814,895.4831,19.187,295.47,"1S/C48H72O14/c1-11-25(2)43-28(5)17-18-47(62-43)23-34-20-33(61-47)16-15-27(4)42(26(3)13-12-14-32-24-55-45-40(49)29(6)19-35(46(51)58-34)48(32,45)52)59-39-22-37(54-10)44(31(8)57-39)60-38-21-36(53-9)41(50)30(7)56-38/h12-15,17-19,25-26,28,30-31,33-45,49-50,52H,11,16,20-24H2,1-10H3/b13-12+,27-15+,32-14+/t25-,26-,28-,30-,31-,33+,34-,35-,36-,37-,38-,39-,40+,41-,42-,43+,44-,45+,47+,48+/m0/s1",CC[C@H](C)[C@H]1O[C@]2(C=C[C@@H]1C)C[C@@H]1C[C@@H](C/C=C(\C)[C@@H](O[C@H]3C[C@H](OC)[C@@H](O[C@H]4C[C@H](OC)[C@@H](O)[C@H](C)O4)[C@H](C)O3)[C@@H](C)/C=C/C=C3\CO[C@@H]4[C@H](O)C(C)=C[C@@H](C(=O)O1)[C@]34O)O2
Avobenzone,+Na,333.1461,333.146,19.527,200.0,"1S/C20H22O3/c1-20(2,3)16-9-5-14(6-10-16)18(21)13-19(22)15-7-11-17(23-4)12-8-15/h5-12H,13H2,1-4H3",COc1ccc(C(=O)CC(=O)c2ccc(C(C)(C)C)cc2)cc1
Avobenzone,+H,311.1642,311.164,19.528,184.63,"1S/C20H22O3/c1-20(2,3)16-9-5-14(6-10-16)18(21)13-19(22)15-7-11-17(23-4)12-8-15/h5-12H,13H2,1-4H3",COc1ccc(C(=O)CC(=O)c2ccc(C(C)(C)C)cc2)cc1
Azoxystrobin,+Na,426.106,426.1062,12.775,197.28,"1S/C22H17N3O5/c1-27-13-17(22(26)28-2)16-8-4-6-10-19(16)30-21-11-20(24-14-25-21)29-18-9-5-3-7-15(18)12-23/h3-11,13-14H,1-2H3/b17-13+",CO/C=C(/C(=O)OC)c1ccccc1Oc1cc(Oc2ccccc2C#N)ncn1
Azoxystrobin,+H,404.1241,404.1242,12.783,198.32,"1S/C22H17N3O5/c1-27-13-17(22(26)28-2)16-8-4-6-10-19(16)30-21-11-20(24-14-25-21)29-18-9-5-3-7-15(18)12-23/h3-11,13-14H,1-2H3/b17-13+",CO/C=C(/C(=O)OC)c1ccccc1Oc1cc(Oc2ccccc2C#N)ncn1
Benzophénone,+H,183.0804,183.0802,12.488,138.13,1S/C13H10O/c14-13(11-7-3-1-4-8-11)12-9-5-2-6-10-12/h1-10H,O=C(c1ccccc1)c1ccccc1
Benzothiazole,+H,136.0215,136.0214,12.544,121.78,1S/C7H5NS/c1-2-4-7-6(3-1)8-5-9-7/h1-5H,c1ccc2scnc2c1
Benzotriazole,+H,120.0556,120.0557,4.291,121.42,"1S/C6H5N3/c1-2-4-6-5(3-1)7-9-8-6/h1-4H,(H,7,8,9)",c1ccc2[nH]nnc2c1
Benzotriazole-5-carboxylique,+H,164.0455,164.0454,3.383,131.3,"1S/C7H5N3O2/c11-7(12)4-1-2-5-6(3-4)9-10-8-5/h1-3H,(H,11,12)(H,8,9,10)",O=C(O)c1ccc2nn[nH]c2c1
Benzylparaben,+Na,251.0679,251.0674,11.814,159.62,"1S/C14H12O3/c15-13-8-6-12(7-9-13)14(16)17-10-11-4-2-1-3-5-11/h1-9,15H,10H2",O=C(OCc1ccccc1)c1ccc(O)cc1
Benzylparaben,+H,229.0859,229.0857,11.81,201.78,"1S/C14H12O3/c15-13-8-6-12(7-9-13)14(16)17-10-11-4-2-1-3-5-11/h1-9,15H,10H2",O=C(OCc1ccccc1)c1ccc(O)cc1
Bicalutamide,+H,431.0683,431.0686,12.053,198.4,"1S/C18H14F4N2O4S/c1-17(26,10-29(27,28)14-6-3-12(19)4-7-14)16(25)24-13-5-2-11(9-23)15(8-13)18(20,21)22/h2-8,26H,10H2,1H3,(H,24,25)",CC(O)(CS(=O)(=O)c1ccc(F)cc1)C(O)=Nc1ccc(C#N)c(C(F)(F)F)c1
Bromoconazole,+H,375.9614,375.9612,12.408,168.37,"1S/C13H12BrCl2N3O/c14-9-4-13(20-5-9,6-19-8-17-7-18-19)11-2-1-10(15)3-12(11)16/h1-3,7-9H,4-6H2",Clc1ccc(C2(Cn3cncn3)CC(Br)CO2)c(Cl)c1
Bromoconazole (2),+H,375.9614,375.9611,13.2,170.69,"1S/C13H12BrCl2N3O/c14-9-4-13(20-5-9,6-19-8-17-7-18-19)11-2-1-10(15)3-12(11)16/h1-3,7-9H,4-6H2",Clc1ccc(C2(Cn3cncn3)CC(Br)CO2)c(Cl)c1
Butocarboxim,+Na,213.0668,213.067,7.054,144.49,"1S/C7H14N2O2S/c1-5(6(2)12-4)9-11-7(10)8-3/h6H,1-4H3,(H,8,10)",CN=C(O)ON=C(C)C(C)SC
Butylparaben,+H,195.1016,195.1018,11.652,198.6,"1S/C11H14O3/c1-2-3-8-14-11(13)9-4-6-10(12)7-5-9/h4-7,12H,2-3,8H2,1H3",CCCCOC(=O)c1ccc(O)cc1
Caffeine,+H,195.0877,195.0872,3.912,138.62,"1S/C8H10N4O2/c1-10-4-9-6-5(10)7(13)12(3)8(14)11(6)2/h4H,1-3H3",Cn1c(=O)c2c(ncn2C)n(C)c1=O
Caffeine,+H,195.0877,195.0872,3.912,138.62,"1S/C8H10N4O2/c1-10-4-9-6-5(10)7(13)12(3)8(14)11(6)2/h4H,1-3H3",Cn1c(=O)c2c(ncn2C)n(C)c1=O
Caffeine,+H,195.0877,195.0877,4.056,138.21,"1S/C8H10N4O2/c1-10-4-9-6-5(10)7(13)12(3)8(14)11(6)2/h4H,1-3H3",Cn1c(=O)c2c(ncn2C)n(C)c1=O
Caffeine,+H,195.0877,195.0877,4.056,138.21,"1S/C8H10N4O2/c1-10-4-9-6-5(10)7(13)12(3)8(14)11(6)2/h4H,1-3H3",Cn1c(=O)c2c(ncn2C)n(C)c1=O
Caffeine (2),+H,195.0877,195.0872,4.015,138.64,"1S/C8H10N4O2/c1-10-4-9-6-5(10)7(13)12(3)8(14)11(6)2/h4H,1-3H3",Cn1c(=O)c2c(ncn2C)n(C)c1=O
Caffeine-13C3,+H,198.0977,198.0974,4.011,137.36,"1S/C8H10N4O2/c1-10-4-9-6-5(10)7(13)12(3)8(14)11(6)2/h4H,1-3H3/i1+1,2+1,3+1",[13CH3]n1c(=O)c2c(ncn2[13CH3])n([13CH3])c1=O
Caffeine-d9,-e,203.1363,203.1363,3.959,138.16,"1S/C8H10N4O2/c1-10-4-9-6-5(10)7(13)12(3)8(14)11(6)2/h4H,1-3H3/i1D3,2D3,3D3",[2H]C([2H])([2H])n1c(=O)c2c(ncn2C([2H])([2H])[2H])n(C([2H])([2H])[2H])c1=O
Caffeine-d9,+H,204.1439,204.1439,3.953,138.71,"1S/C8H10N4O2/c1-10-4-9-6-5(10)7(13)12(3)8(14)11(6)2/h4H,1-3H3/i1D3,2D3,3D3",[2H]C([2H])([2H])n1c(=O)c2c(ncn2C([2H])([2H])[2H])n(C([2H])([2H])[2H])c1=O
Carbamazepine,+Na,259.0842,259.0837,8.982,161.13,"1S/C15H12N2O/c16-15(18)17-13-7-3-1-5-11(13)9-10-12-6-2-4-8-14(12)17/h1-10H,(H2,16,18)",N=C(O)N1c2ccccc2C=Cc2ccccc21
Carbamazepine,+Na,259.0842,259.0837,8.982,161.13,"1S/C15H12N2O/c16-15(18)17-13-7-3-1-5-11(13)9-10-12-6-2-4-8-14(12)17/h1-10H,(H2,16,18)",N=C(O)N1c2ccccc2C=Cc2ccccc21
Carbamazepine,+H,237.1022,237.102,8.898,151.73,"1S/C15H12N2O/c16-15(18)17-13-7-3-1-5-11(13)9-10-12-6-2-4-8-14(12)17/h1-10H,(H2,16,18)",N=C(O)N1c2ccccc2C=Cc2ccccc21
Carbamazepine,+H,237.1022,237.102,8.898,151.73,"1S/C15H12N2O/c16-15(18)17-13-7-3-1-5-11(13)9-10-12-6-2-4-8-14(12)17/h1-10H,(H2,16,18)",N=C(O)N1c2ccccc2C=Cc2ccccc21
Carbamazepine,+Na,259.0842,259.084,8.928,158.53,"1S/C15H12N2O/c16-15(18)17-13-7-3-1-5-11(13)9-10-12-6-2-4-8-14(12)17/h1-10H,(H2,16,18)",N=C(O)N1c2ccccc2C=Cc2ccccc21
Carbamazepine,+Na,259.0842,259.084,8.928,158.53,"1S/C15H12N2O/c16-15(18)17-13-7-3-1-5-11(13)9-10-12-6-2-4-8-14(12)17/h1-10H,(H2,16,18)",N=C(O)N1c2ccccc2C=Cc2ccccc21
Carbamazepine,+H,237.1022,237.1021,8.927,148.56,"1S/C15H12N2O/c16-15(18)17-13-7-3-1-5-11(13)9-10-12-6-2-4-8-14(12)17/h1-10H,(H2,16,18)",N=C(O)N1c2ccccc2C=Cc2ccccc21
Carbamazepine,+H,237.1022,237.1021,8.927,148.56,"1S/C15H12N2O/c16-15(18)17-13-7-3-1-5-11(13)9-10-12-6-2-4-8-14(12)17/h1-10H,(H2,16,18)",N=C(O)N1c2ccccc2C=Cc2ccccc21
Carbamazepine,+Na,259.0842,259.0841,9.017,158.99,"1S/C15H12N2O/c16-15(18)17-13-7-3-1-5-11(13)9-10-12-6-2-4-8-14(12)17/h1-10H,(H2,16,18)",N=C(O)N1c2ccccc2C=Cc2ccccc21
Carbamazepine,+Na,259.0842,259.0841,9.017,158.99,"1S/C15H12N2O/c16-15(18)17-13-7-3-1-5-11(13)9-10-12-6-2-4-8-14(12)17/h1-10H,(H2,16,18)",N=C(O)N1c2ccccc2C=Cc2ccccc21
Carbamazepine,+H,237.1022,237.1023,9.019,149.09,"1S/C15H12N2O/c16-15(18)17-13-7-3-1-5-11(13)9-10-12-6-2-4-8-14(12)17/h1-10H,(H2,16,18)",N=C(O)N1c2ccccc2C=Cc2ccccc21
Carbamazepine,+H,237.1022,237.1023,9.019,149.09,"1S/C15H12N2O/c16-15(18)17-13-7-3-1-5-11(13)9-10-12-6-2-4-8-14(12)17/h1-10H,(H2,16,18)",N=C(O)N1c2ccccc2C=Cc2ccccc21
"Carbamazepine-10,11-epoxide",+Na,275.0971,275.0789,7.466,161.35,"1S/C15H12N2O2/c16-15(18)17-11-7-3-1-5-9(11)13-14(19-13)10-6-2-4-8-12(10)17/h1-8,13-14H,(H2,16,18)",N=C(O)N1c2ccccc2C2OC2c2ccccc21
"Carbamazepine-10,11-epoxide",+Na,275.0971,275.0789,7.466,161.35,"1S/C15H12N2O2/c16-15(18)17-11-7-3-1-5-9(11)13-14(19-13)10-6-2-4-8-12(10)17/h1-8,13-14H,(H2,16,18)",N=C(O)N1c2ccccc2C2OC2c2ccccc21
"Carbamazepine-10,11-epoxide",+H,253.0972,253.0969,7.47,154.86,"1S/C15H12N2O2/c16-15(18)17-11-7-3-1-5-9(11)13-14(19-13)10-6-2-4-8-12(10)17/h1-8,13-14H,(H2,16,18)",N=C(O)N1c2ccccc2C2OC2c2ccccc21
"Carbamazepine-10,11-epoxide",+H,253.0972,253.0969,7.47,154.86,"1S/C15H12N2O2/c16-15(18)17-11-7-3-1-5-9(11)13-14(19-13)10-6-2-4-8-12(10)17/h1-8,13-14H,(H2,16,18)",N=C(O)N1c2ccccc2C2OC2c2ccccc21
"Carbamazepine-10,11-epoxide",+Na,275.0791,275.0796,7.503,160.67,"1S/C15H12N2O2/c16-15(18)17-11-7-3-1-5-9(11)13-14(19-13)10-6-2-4-8-12(10)17/h1-8,13-14H,(H2,16,18)",N=C(O)N1c2ccccc2C2OC2c2ccccc21
"Carbamazepine-10,11-epoxide",+Na,275.0791,275.0796,7.503,160.67,"1S/C15H12N2O2/c16-15(18)17-11-7-3-1-5-9(11)13-14(19-13)10-6-2-4-8-12(10)17/h1-8,13-14H,(H2,16,18)",N=C(O)N1c2ccccc2C2OC2c2ccccc21
"Carbamazepine-10,11-epoxide",+H,253.0972,253.0973,7.501,152.08,"1S/C15H12N2O2/c16-15(18)17-11-7-3-1-5-9(11)13-14(19-13)10-6-2-4-8-12(10)17/h1-8,13-14H,(H2,16,18)",N=C(O)N1c2ccccc2C2OC2c2ccccc21
"Carbamazepine-10,11-epoxide",+H,253.0972,253.0973,7.501,152.08,"1S/C15H12N2O2/c16-15(18)17-11-7-3-1-5-9(11)13-14(19-13)10-6-2-4-8-12(10)17/h1-8,13-14H,(H2,16,18)",N=C(O)N1c2ccccc2C2OC2c2ccccc21
Carbamazepine-d10,+H,247.165,247.1648,8.908,149.04,"1S/C15H12N2O/c16-15(18)17-13-7-3-1-5-11(13)9-10-12-6-2-4-8-14(12)17/h1-10H,(H2,16,18)/i1D,2D,3D,4D,5D,6D,7D,8D,9D,10D",[2H]C1=C([2H])c2c([2H])c([2H])c([2H])c([2H])c2N(C(=N)O)c2c([2H])c([2H])c([2H])c([2H])c21
Carbendazime,+Na,214.0587,214.0582,3.596,148.01,"1S/C9H9N3O2/c1-14-9(13)12-8-10-6-4-2-3-5-7(6)11-8/h2-5H,1H3,(H2,10,11,12,13)",COC(O)=Nc1nc2ccccc2[nH]1
Carbendazime,+H,192.0768,192.0769,3.602,137.6,"1S/C9H9N3O2/c1-14-9(13)12-8-10-6-4-2-3-5-7(6)11-8/h2-5H,1H3,(H2,10,11,12,13)",COC(O)=Nc1nc2ccccc2[nH]1
Carbendazime-d4,+H,196.1019,196.1015,3.642,141.04,nan,
Cefoperazone,+H,646.1497,646.1504,6.406,235.49,"1S/C25H27N9O8S2/c1-3-32-8-9-33(21(39)20(32)38)24(42)27-15(12-4-6-14(35)7-5-12)18(36)26-16-19(37)34-17(23(40)41)13(10-43-22(16)34)11-44-25-28-29-30-31(25)2/h4-7,15-16,22,35H,3,8-11H2,1-2H3,(H,26,36)(H,27,42)(H,40,41)/t15-,16-,22-/m1/s1",CCN1CCN(C(O)=N[C@@H](C(O)=N[C@@H]2C(=O)N3C(C(=O)O)=C(CSc4nnnn4C)CS[C@H]23)c2ccc(O)cc2)C(=O)C1=O
Cephalexin,+H,348.1013,348.1009,4.639,189.43,"1S/C16H17N3O4S/c1-8-7-24-15-11(14(21)19(15)12(8)16(22)23)18-13(20)10(17)9-5-3-2-4-6-9/h2-6,10-11,15H,7,17H2,1H3,(H,18,20)(H,22,23)/t10-,11-,15-/m1/s1",CC1=C(C(=O)O)N2C(=O)[C@@H](N=C(O)[C@H](N)c3ccccc3)[C@H]2SC1
Chlormequat,-e,122.0731,122.0733,0.629,123.22,"1S/C5H13ClN/c1-7(2,3)5-4-6/h4-5H2,1-3H3/q+1",C[N+](C)(C)CCCl
Chlorothiazide,+H,295.9561,295.9566,3.012,161.4,"1S/C7H6ClN3O4S2/c8-4-1-5-7(2-6(4)16(9,12)13)17(14,15)11-3-10-5/h1-3H,(H,10,11)(H2,9,12,13)",NS(=O)(=O)c1cc2c(cc1Cl)N=CNS2(=O)=O
Chlorpyrifos,+H,349.9336,349.9336,17.739,164.2,"1S/C9H11Cl3NO3PS/c1-3-14-17(18,15-4-2)16-9-7(11)5-6(10)8(12)13-9/h5H,3-4H2,1-2H3",CCOP(=S)(OCC)Oc1nc(Cl)c(Cl)cc1Cl
Chlortoluron,+Na,235.0609,235.0605,9.593,154.57,"1S/C10H13ClN2O/c1-7-4-5-8(6-9(7)11)12-10(14)13(2)3/h4-6H,1-3H3,(H,12,14)",Cc1ccc(N=C(O)N(C)C)cc1Cl
Chlortoluron,+H,213.0789,213.0786,9.594,145.99,"1S/C10H13ClN2O/c1-7-4-5-8(6-9(7)11)12-10(14)13(2)3/h4-6H,1-3H3,(H,12,14)",Cc1ccc(N=C(O)N(C)C)cc1Cl
Ciprofloxacin,+H,332.1405,332.142,4.974,192.47,"1S/C17H18FN3O3/c18-13-7-11-14(8-15(13)20-5-3-19-4-6-20)21(10-1-2-10)9-12(16(11)22)17(23)24/h7-10,19H,1-6H2,(H,23,24)",O=C(O)c1cn(C2CC2)c2cc(N3CCNCC3)c(F)cc2c1=O
Citalopram,+H,325.1711,325.1709,8.715,181.77,"1S/C20H21FN2O/c1-23(2)11-3-10-20(17-5-7-18(21)8-6-17)19-9-4-15(13-22)12-16(19)14-24-20/h4-9,12H,3,10-11,14H2,1-2H3/t20-/m0/s1",CN(C)CCC[C@@]1(c2ccc(F)cc2)OCc2cc(C#N)ccc21
Clarithromycin,+H,748.4824,748.4852,10.536,269.04,"1S/C38H69NO13/c1-15-26-38(10,45)31(42)21(4)28(40)19(2)17-37(9,47-14)33(52-35-29(41)25(39(11)12)16-20(3)48-35)22(5)30(23(6)34(44)50-26)51-27-18-36(8,46-13)32(43)24(7)49-27/h19-27,29-33,35,41-43,45H,15-18H2,1-14H3/t19-,20-,21+,22+,23-,24+,25+,26-,27+,29-,30+,31-,32+,33-,35+,36-,37-,38-/m1/s1",CC[C@H]1OC(=O)[C@H](C)[C@@H](O[C@H]2C[C@@](C)(OC)[C@@H](O)[C@H](C)O2)[C@H](C)[C@@H](O[C@@H]2O[C@H](C)C[C@H](N(C)C)[C@H]2O)[C@](C)(OC)C[C@@H](C)C(=O)[C@H](C)[C@@H](O)[C@]1(C)O
Clarithromycin N-oxide,+H,764.4791,764.4805,10.959,273.69,"1S/C38H69NO14/c1-15-26-38(10,45)31(42)21(4)28(40)19(2)17-37(9,48-14)33(53-35-29(41)25(39(11,12)46)16-20(3)49-35)22(5)30(23(6)34(44)51-26)52-27-18-36(8,47-13)32(43)24(7)50-27/h19-27,29-33,35,41-43,45H,15-18H2,1-14H3/t19-,20-,21+,22+,23-,24+,25+,26-,27+,29-,30+,31-,32+,33-,35+,36-,37-,38-/m1/s1",CC[C@H]1OC(=O)[C@H](C)[C@@H](O[C@H]2C[C@@](C)(OC)[C@@H](O)[C@H](C)O2)[C@H](C)[C@@H](O[C@@H]2O[C@H](C)C[C@H]([N+](C)(C)[O-])[C@H]2O)[C@](C)(OC)C[C@@H](C)C(=O)[C@H](C)[C@@H](O)[C@]1(C)O
Climbazole,+H,293.1051,293.1049,9.789,171.26,"1S/C15H17ClN2O2/c1-15(2,3)13(19)14(18-9-8-17-10-18)20-12-6-4-11(16)5-7-12/h4-10,14H,1-3H3",CC(C)(C)C(=O)C(Oc1ccc(Cl)cc1)n1ccnc1
Clozapine,+H,327.1371,327.1369,7.269,179.29,"1S/C18H19ClN4/c1-22-8-10-23(11-9-22)18-14-4-2-3-5-15(14)20-16-7-6-13(19)12-17(16)21-18/h2-7,12,20H,8-11H2,1H3",CN1CCN(C2=Nc3cc(Cl)ccc3Nc3ccccc32)CC1
CMIT,+H,149.9775,149.9775,3.928,124.22,"1S/C4H4ClNOS/c1-6-4(7)2-3(5)8-6/h2H,1H3",Cn1sc(Cl)cc1=O
Cotinine-d3,+H,180.1211,180.1209,1.006,142.28,"1S/C10H12N2O/c1-12-9(4-5-10(12)13)8-3-2-6-11-7-8/h2-3,6-7,9H,4-5H2,1H3/i1D3",[2H]C([2H])([2H])N1C(=O)CCC1c1cccnc1
CY1634360,+H,268.1543,268.1543,4.083,165.08,"1S/C14H21NO4/c1-10(2)15-8-12(16)9-19-13-5-3-11(4-6-13)7-14(17)18/h3-6,10,12,15-16H,7-9H2,1-2H3,(H,17,18)",CC(C)NCC(O)COc1ccc(CC(=O)O)cc1
DCOIT,+H,282.0481,282.0483,17.215,164.94,"1S/C11H17Cl2NOS/c1-2-3-4-5-6-7-8-14-11(15)9(12)10(13)16-14/h2-8H2,1H3",CCCCCCCCn1sc(Cl)c(Cl)c1=O
DEET,+H,192.1383,192.1379,10.096,147.94,"1S/C12H17NO/c1-4-13(5-2)12(14)11-8-6-7-10(3)9-11/h6-9H,4-5H2,1-3H3",CCN(CC)C(=O)c1cccc(C)c1
Dichlorvos,+Na,242.9351,242.9349,8.395,149.43,"1S/C4H7Cl2O4P/c1-8-11(7,9-2)10-3-4(5)6/h3H,1-2H3",COP(=O)(OC)OC=C(Cl)Cl
Dichlorvos,+H,220.9532,220.9533,8.39,133.38,"1S/C4H7Cl2O4P/c1-8-11(7,9-2)10-3-4(5)6/h3H,1-2H3",COP(=O)(OC)OC=C(Cl)Cl
Diclofenac,+H,296.024,296.0239,13.315,158.54,"1S/C14H11Cl2NO2/c15-10-5-3-6-11(16)14(10)17-12-7-2-1-4-9(12)8-13(18)19/h1-7,17H,8H2,(H,18,19)",O=C(O)Cc1ccccc1Nc1c(Cl)cccc1Cl
Diclofenac,+H,296.024,296.0239,13.315,158.54,"1S/C14H11Cl2NO2/c15-10-5-3-6-11(16)14(10)17-12-7-2-1-4-9(12)8-13(18)19/h1-7,17H,8H2,(H,18,19)",O=C(O)Cc1ccccc1Nc1c(Cl)cccc1Cl
Diclofenac,+H,296.024,296.024,13.247,156.01,"1S/C14H11Cl2NO2/c15-10-5-3-6-11(16)14(10)17-12-7-2-1-4-9(12)8-13(18)19/h1-7,17H,8H2,(H,18,19)",O=C(O)Cc1ccccc1Nc1c(Cl)cccc1Cl
Diclofenac,+H,296.024,296.024,13.247,156.01,"1S/C14H11Cl2NO2/c15-10-5-3-6-11(16)14(10)17-12-7-2-1-4-9(12)8-13(18)19/h1-7,17H,8H2,(H,18,19)",O=C(O)Cc1ccccc1Nc1c(Cl)cccc1Cl
Dimethyl phthalate,+Na,217.0471,217.0471,8.539,147.61,"1S/C10H10O4/c1-13-9(11)7-5-3-4-6-8(7)10(12)14-2/h3-6H,1-2H3",COC(=O)c1ccccc1C(=O)OC
Dimethyl phthalate-CH4O,+H,163.039,163.0389,8.539,124.16,nan,
Diphenyl phthalate,+NH4,336.123,336.1237,15.803,245.99,1S/C20H14O4/c21-19(23-15-9-3-1-4-10-15)17-13-7-8-14-18(17)20(22)24-16-11-5-2-6-12-16/h1-14H,O=C(Oc1ccccc1)c1ccccc1C(=O)Oc1ccccc1
Diphenyl phthalate,+Na,341.0784,341.0783,15.797,180.05,1S/C20H14O4/c21-19(23-15-9-3-1-4-10-15)17-13-7-8-14-18(17)20(22)24-16-11-5-2-6-12-16/h1-14H,O=C(Oc1ccccc1)c1ccccc1C(=O)Oc1ccccc1
Diphenyl phthalate,+H,319.0965,319.0966,15.801,243.53,1S/C20H14O4/c21-19(23-15-9-3-1-4-10-15)17-13-7-8-14-18(17)20(22)24-16-11-5-2-6-12-16/h1-14H,O=C(Oc1ccccc1)c1ccccc1C(=O)Oc1ccccc1
Diphenyl phthalate-C6H6O,+H,225.0546,225.0546,15.797,144.09,1S/C20H14O4/c21-19(23-15-9-3-1-4-10-15)17-13-7-8-14-18(17)20(22)24-16-11-5-2-6-12-16/h1-14H,O=C(Oc1ccccc1)c1ccccc1C(=O)Oc1ccccc1
Diphenylguanidine,+H,212.1182,212.1186,5.091,151.2,"1S/C13H13N3/c14-13(15-11-7-3-1-4-8-11)16-12-9-5-2-6-10-12/h1-10H,(H3,14,15,16)",N=C(Nc1ccccc1)Nc1ccccc1
Diuron,+Na,255.0062,255.0057,10.195,201.62,"1S/C9H10Cl2N2O/c1-13(2)9(14)12-6-3-4-7(10)8(11)5-6/h3-5H,1-2H3,(H,12,14)",CN(C)C(O)=Nc1ccc(Cl)c(Cl)c1
Diuron,+Na,255.0062,255.0057,10.195,201.62,"1S/C9H10Cl2N2O/c1-13(2)9(14)12-6-3-4-7(10)8(11)5-6/h3-5H,1-2H3,(H,12,14)",CN(C)C(O)=Nc1ccc(Cl)c(Cl)c1
Diuron,+H,233.0243,233.0241,10.162,151.21,"1S/C9H10Cl2N2O/c1-13(2)9(14)12-6-3-4-7(10)8(11)5-6/h3-5H,1-2H3,(H,12,14)",CN(C)C(O)=Nc1ccc(Cl)c(Cl)c1
Diuron,+H,233.0243,233.0241,10.162,151.21,"1S/C9H10Cl2N2O/c1-13(2)9(14)12-6-3-4-7(10)8(11)5-6/h3-5H,1-2H3,(H,12,14)",CN(C)C(O)=Nc1ccc(Cl)c(Cl)c1
Diuron,+Na,255.0062,255.0054,10.228,157.52,"1S/C9H10Cl2N2O/c1-13(2)9(14)12-6-3-4-7(10)8(11)5-6/h3-5H,1-2H3,(H,12,14)",CN(C)C(O)=Nc1ccc(Cl)c(Cl)c1
Diuron,+Na,255.0062,255.0054,10.228,157.52,"1S/C9H10Cl2N2O/c1-13(2)9(14)12-6-3-4-7(10)8(11)5-6/h3-5H,1-2H3,(H,12,14)",CN(C)C(O)=Nc1ccc(Cl)c(Cl)c1
Diuron,+H,233.0243,233.0239,10.247,146.04,"1S/C9H10Cl2N2O/c1-13(2)9(14)12-6-3-4-7(10)8(11)5-6/h3-5H,1-2H3,(H,12,14)",CN(C)C(O)=Nc1ccc(Cl)c(Cl)c1
Diuron,+H,233.0243,233.0239,10.247,146.04,"1S/C9H10Cl2N2O/c1-13(2)9(14)12-6-3-4-7(10)8(11)5-6/h3-5H,1-2H3,(H,12,14)",CN(C)C(O)=Nc1ccc(Cl)c(Cl)c1
Diuron,+H,233.0243,233.0241,10.212,150.26,"1S/C9H10Cl2N2O/c1-13(2)9(14)12-6-3-4-7(10)8(11)5-6/h3-5H,1-2H3,(H,12,14)",CN(C)C(O)=Nc1ccc(Cl)c(Cl)c1
Diuron,+H,233.0243,233.0241,10.212,150.26,"1S/C9H10Cl2N2O/c1-13(2)9(14)12-6-3-4-7(10)8(11)5-6/h3-5H,1-2H3,(H,12,14)",CN(C)C(O)=Nc1ccc(Cl)c(Cl)c1
Diuron-d6,+H,239.0618,239.0617,10.109,148.45,"1S/C9H10Cl2N2O/c1-13(2)9(14)12-6-3-4-7(10)8(11)5-6/h3-5H,1-2H3,(H,12,14)/i1D3,2D3",[2H]C([2H])([2H])N(C(O)=Nc1ccc(Cl)c(Cl)c1)C([2H])([2H])[2H]
Efavirenz,+Na,338.0166,338.0165,14.214,180.88,"1S/C14H9ClF3NO2/c15-9-3-4-11-10(7-9)13(14(16,17)18,21-12(20)19-11)6-5-8-1-2-8/h3-4,7-8H,1-2H2,(H,19,20)/t13-/m0/s1",OC1=Nc2ccc(Cl)cc2[C@@](C#CC2CC2)(C(F)(F)F)O1
Efavirenz,+H,316.0347,316.0344,14.217,166.48,"1S/C14H9ClF3NO2/c15-9-3-4-11-10(7-9)13(14(16,17)18,21-12(20)19-11)6-5-8-1-2-8/h3-4,7-8H,1-2H2,(H,19,20)/t13-/m0/s1",OC1=Nc2ccc(Cl)cc2[C@@](C#CC2CC2)(C(F)(F)F)O1
Emamectin B1a,+H,886.5311,886.5316,15.4,296.95,"1S/C49H75NO13/c1-12-26(2)44-29(5)18-19-48(63-44)24-35-21-34(62-48)17-16-28(4)43(27(3)14-13-15-33-25-56-46-42(51)30(6)20-36(47(52)59-35)49(33,46)53)60-40-23-38(55-11)45(32(8)58-40)61-39-22-37(54-10)41(50-9)31(7)57-39/h13-16,18-20,26-27,29,31-32,34-46,50-51,53H,12,17,21-25H2,1-11H3/b14-13+,28-16+,33-15+/t26-,27-,29-,31-,32-,34+,35-,36-,37-,38-,39-,40-,41+,42+,43-,44+,45-,46+,48+,49+/m0/s1",CC[C@H](C)[C@H]1O[C@]2(C=C[C@@H]1C)C[C@@H]1C[C@@H](C/C=C(\C)[C@@H](O[C@H]3C[C@H](OC)[C@@H](O[C@H]4C[C@H](OC)[C@H](NC)[C@H](C)O4)[C@H](C)O3)[C@@H](C)/C=C/C=C3\CO[C@@H]4[C@H](O)C(C)=C[C@@H](C(=O)O1)[C@]34O)O2
Estrone,+H,271.1693,271.1687,11.561,165.46,"1S/C18H22O2/c1-18-9-8-14-13-5-3-12(19)10-11(13)2-4-15(14)16(18)6-7-17(18)20/h3,5,10,14-16,19H,2,4,6-9H2,1H3/t14-,15-,16+,18+/m1/s1",C[C@]12CC[C@@H]3c4ccc(O)cc4CC[C@H]3[C@@H]1CCC2=O
EthylParaben,+H,167.0703,167.0703,8.318,169.89,"1S/C9H10O3/c1-2-12-9(11)7-3-5-8(10)6-4-7/h3-6,10H,2H2,1H3",CCOC(=O)c1ccc(O)cc1
Fipronil,+H,436.946,436.9459,14.855,178.71,"1S/C12H4Cl2F6N4OS/c13-5-1-4(11(15,16)17)2-6(14)8(5)24-10(22)9(7(3-21)23-24)26(25)12(18,19)20/h1-2H,22H2",N#Cc1nn(-c2c(Cl)cc(C(F)(F)F)cc2Cl)c(N)c1S(=O)C(F)(F)F
Fludioxonil,+H,249.047,249.0468,10.727,147.33,"1S/C12H6F2N2O2/c13-12(14)17-10-3-1-2-8(11(10)18-12)9-6-16-5-7(9)4-15/h1-3,5-6,16H",N#Cc1c[nH]cc1-c1cccc2c1OC(F)(F)O2
Gabapentine,+H,172.1332,172.1329,3.669,144.39,"1S/C9H17NO2/c10-7-9(6-8(11)12)4-2-1-3-5-9/h1-7,10H2,(H,11,12)",NCC1(CC(=O)O)CCCCC1
Genistein,+H,271.0601,271.06,8.714,157.92,"1S/C15H10O5/c16-9-3-1-8(2-4-9)11-7-20-13-6-10(17)5-12(18)14(13)15(11)19/h1-7,16-18H",O=c1c(-c2ccc(O)cc2)coc2cc(O)cc(O)c12
Haloperidol,+H,376.1474,376.1473,8.933,193.59,"1S/C21H23ClFNO2/c22-18-7-5-17(6-8-18)21(26)11-14-24(15-12-21)13-1-2-20(25)16-3-9-19(23)10-4-16/h3-10,26H,1-2,11-15H2",O=C(CCCN1CCC(O)(c2ccc(Cl)cc2)CC1)c1ccc(F)cc1
Haloperidol-d4,-e,379.1647,379.1644,8.909,193.52,"1S/C21H23ClFNO2/c22-18-7-5-17(6-8-18)21(26)11-14-24(15-12-21)13-1-2-20(25)16-3-9-19(23)10-4-16/h3-10,26H,1-2,11-15H2/i5D,6D,7D,8D",[2H]c1c([2H])c(C2(O)CCN(CCCC(=O)c3ccc(F)cc3)CC2)c([2H])c([2H])c1Cl
Haloperidol-d4,+H,380.1725,380.1726,8.902,193.53,"1S/C21H23ClFNO2/c22-18-7-5-17(6-8-18)21(26)11-14-24(15-12-21)13-1-2-20(25)16-3-9-19(23)10-4-16/h3-10,26H,1-2,11-15H2/i5D,6D,7D,8D",[2H]c1c([2H])c(C2(O)CCN(CCCC(=O)c3ccc(F)cc3)CC2)c([2H])c([2H])c1Cl
Hydrocortisone (cortisol),+Na,385.1985,385.1988,8.385,213.02,"1S/C21H30O5/c1-19-7-5-13(23)9-12(19)3-4-14-15-6-8-21(26,17(25)11-22)20(15,2)10-16(24)18(14)19/h9,14-16,18,22,24,26H,3-8,10-11H2,1-2H3/t14-,15-,16-,18+,19-,20-,21-/m0/s1",C[C@]12C[C@H](O)[C@H]3[C@@H](CCC4=CC(=O)CC[C@@]43C)[C@@H]1CC[C@]2(O)C(=O)CO
Hydrocortisone (cortisol),+H,363.2166,363.2165,8.382,186.72,"1S/C21H30O5/c1-19-7-5-13(23)9-12(19)3-4-14-15-6-8-21(26,17(25)11-22)20(15,2)10-16(24)18(14)19/h9,14-16,18,22,24,26H,3-8,10-11H2,1-2H3/t14-,15-,16-,18+,19-,20-,21-/m0/s1",C[C@]12C[C@H](O)[C@H]3[C@@H](CCC4=CC(=O)CC[C@@]43C)[C@@H]1CC[C@]2(O)C(=O)CO
Imazalil,+H,297.0556,297.0553,9.582,167.79,"1S/C14H14Cl2N2O/c1-2-7-19-14(9-18-6-5-17-10-18)12-4-3-11(15)8-13(12)16/h2-6,8,10,14H,1,7,9H2",C=CCOC(Cn1ccnc1)c1ccc(Cl)cc1Cl
Imazalil,+H,297.0556,297.0553,9.582,167.79,"1S/C14H14Cl2N2O/c1-2-7-19-14(9-18-6-5-17-10-18)12-4-3-11(15)8-13(12)16/h2-6,8,10,14H,1,7,9H2",C=CCOC(Cn1ccnc1)c1ccc(Cl)cc1Cl
Imazalil,+H,297.0556,297.0558,9.568,165.43,"1S/C14H14Cl2N2O/c1-2-7-19-14(9-18-6-5-17-10-18)12-4-3-11(15)8-13(12)16/h2-6,8,10,14H,1,7,9H2",C=CCOC(Cn1ccnc1)c1ccc(Cl)cc1Cl
Imazalil,+H,297.0556,297.0558,9.568,165.43,"1S/C14H14Cl2N2O/c1-2-7-19-14(9-18-6-5-17-10-18)12-4-3-11(15)8-13(12)16/h2-6,8,10,14H,1,7,9H2",C=CCOC(Cn1ccnc1)c1ccc(Cl)cc1Cl
Imazapyr,+H,262.1186,262.1185,4.951,158.27,"1S/C13H15N3O3/c1-7(2)13(3)12(19)15-10(16-13)9-8(11(17)18)5-4-6-14-9/h4-7H,1-3H3,(H,17,18)(H,15,16,19)",CC(C)C1(C)NC(c2ncccc2C(=O)O)=NC1=O
Iopromide,+Na,813.859,813.8551,3.298,213.47,"1S/C18H24I3N3O8/c1-24(4-9(28)6-26)18(31)12-13(19)11(17(30)22-3-8(27)5-25)14(20)16(15(12)21)23-10(29)7-32-2/h8-9,25-28H,3-7H2,1-2H3,(H,22,30)(H,23,29)",COCC(O)=Nc1c(I)c(C(=O)N(C)CC(O)CO)c(I)c(C(O)=NCC(O)CO)c1I
Iopromide,+Na,813.859,813.8551,3.298,213.47,"1S/C18H24I3N3O8/c1-24(4-9(28)6-26)18(31)12-13(19)11(17(30)22-3-8(27)5-25)14(20)16(15(12)21)23-10(29)7-32-2/h8-9,25-28H,3-7H2,1-2H3,(H,22,30)(H,23,29)",COCC(O)=Nc1c(I)c(C(=O)N(C)CC(O)CO)c(I)c(C(O)=NCC(O)CO)c1I
Iopromide,+H,791.877,791.8756,3.297,221.32,"1S/C18H24I3N3O8/c1-24(4-9(28)6-26)18(31)12-13(19)11(17(30)22-3-8(27)5-25)14(20)16(15(12)21)23-10(29)7-32-2/h8-9,25-28H,3-7H2,1-2H3,(H,22,30)(H,23,29)",COCC(O)=Nc1c(I)c(C(=O)N(C)CC(O)CO)c(I)c(C(O)=NCC(O)CO)c1I
Iopromide,+H,791.877,791.8756,3.297,221.32,"1S/C18H24I3N3O8/c1-24(4-9(28)6-26)18(31)12-13(19)11(17(30)22-3-8(27)5-25)14(20)16(15(12)21)23-10(29)7-32-2/h8-9,25-28H,3-7H2,1-2H3,(H,22,30)(H,23,29)",COCC(O)=Nc1c(I)c(C(=O)N(C)CC(O)CO)c(I)c(C(O)=NCC(O)CO)c1I
Iopromide,+H,791.877,791.8768,3.261,221.53,"1S/C18H24I3N3O8/c1-24(4-9(28)6-26)18(31)12-13(19)11(17(30)22-3-8(27)5-25)14(20)16(15(12)21)23-10(29)7-32-2/h8-9,25-28H,3-7H2,1-2H3,(H,22,30)(H,23,29)",COCC(O)=Nc1c(I)c(C(=O)N(C)CC(O)CO)c(I)c(C(O)=NCC(O)CO)c1I
Iopromide,+H,791.877,791.8768,3.261,221.53,"1S/C18H24I3N3O8/c1-24(4-9(28)6-26)18(31)12-13(19)11(17(30)22-3-8(27)5-25)14(20)16(15(12)21)23-10(29)7-32-2/h8-9,25-28H,3-7H2,1-2H3,(H,22,30)(H,23,29)",COCC(O)=Nc1c(I)c(C(=O)N(C)CC(O)CO)c(I)c(C(O)=NCC(O)CO)c1I
IPBC,+Na,303.9805,303.9807,11.157,157.22,"1S/C8H12INO2/c1-2-3-6-10-8(11)12-7-4-5-9/h2-3,6-7H2,1H3,(H,10,11)",CCCCN=C(O)OCC#CI
IPBC,+H,281.9985,281.9987,11.163,145.81,"1S/C8H12INO2/c1-2-3-6-10-8(11)12-7-4-5-9/h2-3,6-7H2,1H3,(H,10,11)",CCCCN=C(O)OCC#CI
Irbesartan,+H,429.2397,429.24,9.873,201.8,"1S/C25H28N6O/c1-2-3-10-22-26-25(15-6-7-16-25)24(32)31(22)17-18-11-13-19(14-12-18)20-8-4-5-9-21(20)23-27-29-30-28-23/h4-5,8-9,11-14H,2-3,6-7,10,15-17H2,1H3,(H,27,28,29,30)",CCCCC1=NC2(CCCC2)C(=O)N1Cc1ccc(-c2ccccc2-c2nn[nH]n2)cc1
Irbesartan-d6,+Na,457.2593,457.2584,9.848,217.21,"1S/C25H28N6O/c1-2-3-10-22-26-25(15-6-7-16-25)24(32)31(22)17-18-11-13-19(14-12-18)20-8-4-5-9-21(20)23-27-29-30-28-23/h4-5,8-9,11-14H,2-3,6-7,10,15-17H2,1H3,(H,27,28,29,30)/i11D,12D,13D,14D,17D2",[2H]c1c([2H])c(C([2H])([2H])N2C(=O)C3(CCCC3)N=C2CCCC)c([2H])c([2H])c1-c1ccccc1-c1nn[nH]n1
Irbesartan-d6,+H,435.2774,435.2773,9.843,202.64,"1S/C25H28N6O/c1-2-3-10-22-26-25(15-6-7-16-25)24(32)31(22)17-18-11-13-19(14-12-18)20-8-4-5-9-21(20)23-27-29-30-28-23/h4-5,8-9,11-14H,2-3,6-7,10,15-17H2,1H3,(H,27,28,29,30)/i11D,12D,13D,14D,17D2",[2H]c1c([2H])c(C([2H])([2H])N2C(=O)C3(CCCC3)N=C2CCCC)c([2H])c([2H])c1-c1ccccc1-c1nn[nH]n1
Irgarol,+H,254.1434,254.1438,10.134,163.59,"1S/C11H19N5S/c1-11(2,3)16-9-13-8(12-7-5-6-7)14-10(15-9)17-4/h7H,5-6H2,1-4H3,(H2,12,13,14,15,16)",CSc1nc(=NC2CC2)nc(NC(C)(C)C)[nH]1
IsoButylParaben,+H,195.1016,195.1019,11.511,191.1,"1S/C11H14O3/c1-8(2)7-14-11(13)9-3-5-10(12)6-4-9/h3-6,8,12H,7H2,1-2H3",CC(C)COC(=O)c1ccc(O)cc1
Isoproturon,+Na,229.1311,229.1314,10.206,158.68,"1S/C12H18N2O/c1-9(2)10-5-7-11(8-6-10)13-12(15)14(3)4/h5-9H,1-4H3,(H,13,15)",CC(C)c1ccc(NC(=O)N(C)C)cc1
Isoproturon,+H,207.1492,207.1493,10.211,152.45,"1S/C12H18N2O/c1-9(2)10-5-7-11(8-6-10)13-12(15)14(3)4/h5-9H,1-4H3,(H,13,15)",CC(C)c1ccc(NC(=O)N(C)C)cc1
Isoproturon-d6,+Na,235.1688,235.1685,10.148,163.9,nan,
Isoproturon-d6,+H,213.1867,213.1865,10.152,157.37,nan,
Ketoconazole,+H,531.156,531.1568,9.738,214.95,"1S/C26H28Cl2N4O4/c1-19(33)31-10-12-32(13-11-31)21-3-5-22(6-4-21)34-15-23-16-35-26(36-23,17-30-9-8-29-18-30)24-7-2-20(27)14-25(24)28/h2-9,14,18,23H,10-13,15-17H2,1H3/t23-,26-/m1/s1",CC(=O)N1CCN(c2ccc(OC[C@@H]3CO[C@@](Cn4ccnc4)(c4ccc(Cl)cc4Cl)O3)cc2)CC1
Ketoprofène,+Na,277.0835,277.0832,11.056,167.82,"1S/C16H14O3/c1-11(16(18)19)13-8-5-9-14(10-13)15(17)12-6-3-2-4-7-12/h2-11H,1H3,(H,18,19)",CC(C(=O)O)c1cccc(C(=O)c2ccccc2)c1
Ketoprofène,+H,255.1016,255.1013,11.055,160.52,"1S/C16H14O3/c1-11(16(18)19)13-8-5-9-14(10-13)15(17)12-6-3-2-4-7-12/h2-11H,1H3,(H,18,19)",CC(C(=O)O)c1cccc(C(=O)c2ccccc2)c1
Lidocaïne,+Na,257.1624,257.1624,4.364,167.46,"1S/C14H22N2O/c1-5-16(6-2)10-13(17)15-14-11(3)8-7-9-12(14)4/h7-9H,5-6,10H2,1-4H3,(H,15,17)",CCN(CC)CC(O)=Nc1c(C)cccc1C
Lidocaïne,+H,235.1805,235.1813,4.376,157.74,"1S/C14H22N2O/c1-5-16(6-2)10-13(17)15-14-11(3)8-7-9-12(14)4/h7-9H,5-6,10H2,1-4H3,(H,15,17)",CCN(CC)CC(O)=Nc1c(C)cccc1C
Lidocaïne N-oxide,+Na,273.1573,273.1579,5.107,170.95,"1S/C14H22N2O2/c1-5-16(18,6-2)10-13(17)15-14-11(3)8-7-9-12(14)4/h7-9H,5-6,10H2,1-4H3,(H,15,17)",CC[N+]([O-])(CC)CC(O)=Nc1c(C)cccc1C
Lidocaïne N-oxide,+H,251.1754,251.1765,5.108,158.35,"1S/C14H22N2O2/c1-5-16(18,6-2)10-13(17)15-14-11(3)8-7-9-12(14)4/h7-9H,5-6,10H2,1-4H3,(H,15,17)",CC[N+]([O-])(CC)CC(O)=Nc1c(C)cccc1C
L-phenylalanine,+H,166.0863,166.0863,2.264,138.6,"1S/C9H11NO2/c10-8(9(11)12)6-7-4-2-1-3-5-7/h1-5,8H,6,10H2,(H,11,12)/t8-/m1/s1",N[C@H](Cc1ccccc1)C(=O)O
Malathion,+Na,353.0253,353.0253,13.518,173.07,"1S/C10H19O6PS2/c1-5-15-9(11)7-8(10(12)16-6-2)19-17(18,13-3)14-4/h8H,5-7H2,1-4H3",CCOC(=O)CC(SP(=S)(OC)OC)C(=O)OCC
Malathion,+H,331.0433,331.0429,13.503,172.75,"1S/C10H19O6PS2/c1-5-15-9(11)7-8(10(12)16-6-2)19-17(18,13-3)14-4/h8H,5-7H2,1-4H3",CCOC(=O)CC(SP(=S)(OC)OC)C(=O)OCC
Melamine,+H,127.0727,127.0728,0.573,122.17,"1S/C3H6N6/c4-1-7-2(5)9-3(6)8-1/h(H6,4,5,6,7,8,9)",N=c1[nH]c(=N)[nH]c(=N)[nH]1
Metalaxyl,+Na,302.1363,302.1361,10.327,169.21,"1S/C15H21NO4/c1-10-7-6-8-11(2)14(10)16(13(17)9-19-4)12(3)15(18)20-5/h6-8,12H,9H2,1-5H3",COCC(=O)N(c1c(C)cccc1C)C(C)C(=O)OC
Metalaxyl,+H,280.1543,280.1541,10.335,163.63,"1S/C15H21NO4/c1-10-7-6-8-11(2)14(10)16(13(17)9-19-4)12(3)15(18)20-5/h6-8,12H,9H2,1-5H3",COCC(=O)N(c1c(C)cccc1C)C(C)C(=O)OC
Metalaxyl metabolite CGA 62826,+Na,288.1206,288.1205,8.76,165.82,"1S/C14H19NO4/c1-9-6-5-7-10(2)13(9)15(11(3)14(17)18)12(16)8-19-4/h5-7,11H,8H2,1-4H3,(H,17,18)",COCC(=O)N(c1c(C)cccc1C)C(C)C(=O)O
Metalaxyl metabolite CGA 62826,+H,266.1387,266.1385,8.766,158.79,"1S/C14H19NO4/c1-9-6-5-7-10(2)13(9)15(11(3)14(17)18)12(16)8-19-4/h5-7,11H,8H2,1-4H3,(H,17,18)",COCC(=O)N(c1c(C)cccc1C)C(C)C(=O)O
Metazachlor,+Na,300.0874,300.0877,10.851,167.07,"1S/C14H16ClN3O/c1-11-5-3-6-12(2)14(11)18(13(19)9-15)10-17-8-4-7-16-17/h3-8H,9-10H2,1-2H3",Cc1cccc(C)c1N(Cn1cccn1)C(=O)CCl
Metazachlor,+H,278.1055,278.1058,10.851,158.26,"1S/C14H16ClN3O/c1-11-5-3-6-12(2)14(11)18(13(19)9-15)10-17-8-4-7-16-17/h3-8H,9-10H2,1-2H3",Cc1cccc(C)c1N(Cn1cccn1)C(=O)CCl
Metazachlor-ethane sulfonic acid (ESA),+H,324.1013,324.1012,5.889,168.15,"1S/C14H17N3O4S/c1-11-5-3-6-12(2)14(11)17(10-16-8-4-7-15-16)13(18)9-22(19,20)21/h3-8H,9-10H2,1-2H3,(H,19,20,21)",Cc1cccc(C)c1N(Cn1cccn1)C(=O)CS(=O)(=O)O
Methamidophos,+H,142.0086,142.0088,1.569,120.64,"1S/C2H8NO2PS/c1-5-6(3,4)7-2/h1-2H3,(H2,3,4)",COP(N)(=O)SC
Methidathion,+Na,324.9511,324.9513,11.758,160.07,"1S/C6H11N2O4PS3/c1-10-5-7-8(6(9)16-5)4-15-13(14,11-2)12-3/h4H2,1-3H3",COc1nn(CSP(=S)(OC)OC)c(=O)s1
Methomyl,+NH4,180.0801,180.0807,7.502,132.6,"1S/C5H10N2O2S/c1-4(10-3)7-9-5(8)6-2/h1-3H3,(H,6,8)/b7-4+",CN=C(O)O/N=C(\C)SC
Methomyl,+Na,185.0355,185.0354,4.122,141.15,"1S/C5H10N2O2S/c1-4(10-3)7-9-5(8)6-2/h1-3H3,(H,6,8)/b7-4+",CN=C(O)O/N=C(\C)SC
MethylParaben,+H,153.0546,153.0547,6.541,127.8,"1S/C8H8O3/c1-11-8(10)6-2-4-7(9)5-3-6/h2-5,9H,1H3",COC(=O)c1ccc(O)cc1
Methylparaben-d4,+H,157.0797,157.0802,6.496,127.59,"1S/C8H8O3/c1-11-8(10)6-2-4-7(9)5-3-6/h2-5,9H,1H3/i2D,3D,4D,5D",[2H]c1c([2H])c(C(=O)OC)c([2H])c([2H])c1O
Metolachlor,+Na,306.1231,306.123,13.658,171.53,"1S/C15H22ClNO2/c1-5-13-8-6-7-11(2)15(13)17(14(18)9-16)12(3)10-19-4/h6-8,12H,5,9-10H2,1-4H3/t12-/m0/s1",CCc1cccc(C)c1N(C(=O)CCl)[C@@H](C)COC
Metolachlor,+Na,306.1231,306.123,13.658,171.53,"1S/C15H22ClNO2/c1-5-13-8-6-7-11(2)15(13)17(14(18)9-16)12(3)10-19-4/h6-8,12H,5,9-10H2,1-4H3/t12-/m0/s1",CCc1cccc(C)c1N(C(=O)CCl)[C@@H](C)COC
Metolachlor,+H,284.1412,284.141,13.662,159.19,"1S/C15H22ClNO2/c1-5-13-8-6-7-11(2)15(13)17(14(18)9-16)12(3)10-19-4/h6-8,12H,5,9-10H2,1-4H3/t12-/m0/s1",CCc1cccc(C)c1N(C(=O)CCl)[C@@H](C)COC
Metolachlor,+H,284.1412,284.141,13.662,159.19,"1S/C15H22ClNO2/c1-5-13-8-6-7-11(2)15(13)17(14(18)9-16)12(3)10-19-4/h6-8,12H,5,9-10H2,1-4H3/t12-/m0/s1",CCc1cccc(C)c1N(C(=O)CCl)[C@@H](C)COC
Metolachlor,+Na,306.1231,306.1231,13.597,173.38,"1S/C15H22ClNO2/c1-5-13-8-6-7-11(2)15(13)17(14(18)9-16)12(3)10-19-4/h6-8,12H,5,9-10H2,1-4H3/t12-/m0/s1",CCc1cccc(C)c1N(C(=O)CCl)[C@@H](C)COC
Metolachlor,+Na,306.1231,306.1231,13.597,173.38,"1S/C15H22ClNO2/c1-5-13-8-6-7-11(2)15(13)17(14(18)9-16)12(3)10-19-4/h6-8,12H,5,9-10H2,1-4H3/t12-/m0/s1",CCc1cccc(C)c1N(C(=O)CCl)[C@@H](C)COC
Metolachlor,+H,284.1412,284.141,13.616,162.29,"1S/C15H22ClNO2/c1-5-13-8-6-7-11(2)15(13)17(14(18)9-16)12(3)10-19-4/h6-8,12H,5,9-10H2,1-4H3/t12-/m0/s1",CCc1cccc(C)c1N(C(=O)CCl)[C@@H](C)COC
Metolachlor,+H,284.1412,284.141,13.616,162.29,"1S/C15H22ClNO2/c1-5-13-8-6-7-11(2)15(13)17(14(18)9-16)12(3)10-19-4/h6-8,12H,5,9-10H2,1-4H3/t12-/m0/s1",CCc1cccc(C)c1N(C(=O)CCl)[C@@H](C)COC
Metolachlor-ESA,+Na,352.1189,352.1192,7.865,175.6,"1S/C15H23NO5S/c1-5-13-8-6-7-11(2)15(13)16(12(3)9-21-4)14(17)10-22(18,19)20/h6-8,12H,5,9-10H2,1-4H3,(H,18,19,20)/t12-/m1/s1",CCc1cccc(C)c1N(C(=O)CS(=O)(=O)O)[C@H](C)COC
Metolachlor-ESA,+H,330.137,330.1368,7.867,168.8,"1S/C15H23NO5S/c1-5-13-8-6-7-11(2)15(13)16(12(3)9-21-4)14(17)10-22(18,19)20/h6-8,12H,5,9-10H2,1-4H3,(H,18,19,20)/t12-/m1/s1",CCc1cccc(C)c1N(C(=O)CS(=O)(=O)O)[C@H](C)COC
Metolachlor-OA,+Na,302.1363,302.1364,9.499,171.62,"1S/C15H21NO4/c1-5-12-8-6-7-10(2)13(12)16(11(3)9-20-4)14(17)15(18)19/h6-8,11H,5,9H2,1-4H3,(H,18,19)/t11-/m0/s1",CCc1cccc(C)c1N(C(=O)C(=O)O)[C@@H](C)COC
Metolachlor-OA,+H,280.1543,280.1541,9.502,159.12,"1S/C15H21NO4/c1-5-12-8-6-7-10(2)13(12)16(11(3)9-20-4)14(17)15(18)19/h6-8,11H,5,9H2,1-4H3,(H,18,19)/t11-/m0/s1",CCc1cccc(C)c1N(C(=O)C(=O)O)[C@@H](C)COC
Metribuzin,+H,215.0961,215.0959,8.161,150.68,"1S/C8H14N4OS/c1-8(2,3)5-6(13)12(9)7(14-4)11-10-5/h9H2,1-4H3",CSc1nnc(C(C)(C)C)c(=O)n1N
Metribuzin,,171.0587,171.0579,8.159,,"1S/C8H14N4OS/c1-8(2,3)5-6(13)12(9)7(14-4)11-10-5/h9H2,1-4H3",CSc1nnc(C(C)(C)C)c(=O)n1N
MIT,+H,116.0165,116.0165,1.485,122.8,"1S/C4H5NOS/c1-5-4(6)2-3-7-5/h2-3H,1H3",Cn1sccc1=O
Monuron,+Na,221.0452,221.0455,7.995,151.68,"1S/C9H11ClN2O/c1-12(2)9(13)11-8-5-3-7(10)4-6-8/h3-6H,1-2H3,(H,11,13)",CN(C)C(=O)Nc1ccc(Cl)cc1
Monuron,+H,199.0633,199.0632,7.996,141.3,"1S/C9H11ClN2O/c1-12(2)9(13)11-8-5-3-7(10)4-6-8/h3-6H,1-2H3,(H,11,13)",CN(C)C(=O)Nc1ccc(Cl)cc1
"N-(1,3-Dimethylbutyl)-N'-phenyl-1,4-phenylenediamine",+H,269.2012,269.2003,10.374,219.91,"1S/C18H24N2/c1-14(2)13-15(3)19-17-9-11-18(12-10-17)20-16-7-5-4-6-8-16/h4-12,14-15,19-20H,13H2,1-3H3",CC(C)CC(C)Nc1ccc(Nc2ccccc2)cc1
N4-Acetylsulfamethoxazole,+Na,318.0519,318.0518,6.723,167.09,"1S/C12H13N3O4S/c1-8-7-12(14-19-8)15-20(17,18)11-5-3-10(4-6-11)13-9(2)16/h3-7H,1-2H3,(H,13,16)(H,14,15)",CC(O)=Nc1ccc(S(=O)(=O)Nc2cc(C)on2)cc1
N4-Acetylsulfamethoxazole,+H,296.07,296.0699,6.734,168.13,"1S/C12H13N3O4S/c1-8-7-12(14-19-8)15-20(17,18)11-5-3-10(4-6-11)13-9(2)16/h3-7H,1-2H3,(H,13,16)(H,14,15)",CC(O)=Nc1ccc(S(=O)(=O)Nc2cc(C)on2)cc1
Naproxen,+H,231.1016,231.1013,11.035,153.47,"1S/C14H14O3/c1-9(14(15)16)10-3-4-12-8-13(17-2)6-5-11(12)7-10/h3-9H,1-2H3,(H,15,16)/t9-/m0/s1",COc1ccc2cc([C@H](C)C(=O)O)ccc2c1
Naproxen-d3,-e,233.1127,233.1122,11.017,151.88,"1S/C14H14O3/c1-9(14(15)16)10-3-4-12-8-13(17-2)6-5-11(12)7-10/h3-9H,1-2H3,(H,15,16)/t9-/m0/s1/i2D3",[2H]C([2H])([2H])Oc1ccc2cc([C@H](C)C(=O)O)ccc2c1
Naproxen-d3,+H,234.1197,234.1196,11.014,153.97,"1S/C14H14O3/c1-9(14(15)16)10-3-4-12-8-13(17-2)6-5-11(12)7-10/h3-9H,1-2H3,(H,15,16)/t9-/m0/s1/i2D3",[2H]C([2H])([2H])Oc1ccc2cc([C@H](C)C(=O)O)ccc2c1
Nicotine-d4,+H,167.1481,167.1475,0.804,136.99,"1S/C10H14N2/c1-12-7-3-5-10(12)9-4-2-6-11-8-9/h2,4,6,8,10H,3,5,7H2,1H3/i2D,4D,6D,8D",[2H]c1nc([2H])c(C2CCCN2C)c([2H])c1[2H]
Nicotine-d4,+H,167.1481,167.1475,1.133,137.14,"1S/C10H14N2/c1-12-7-3-5-10(12)9-4-2-6-11-8-9/h2,4,6,8,10H,3,5,7H2,1H3/i2D,4D,6D,8D",[2H]c1nc([2H])c(C2CCCN2C)c([2H])c1[2H]
Nicotine-d4,+H,167.1481,167.1479,0.916,137.32,"1S/C10H14N2/c1-12-7-3-5-10(12)9-4-2-6-11-8-9/h2,4,6,8,10H,3,5,7H2,1H3/i2D,4D,6D,8D",[2H]c1nc([2H])c(C2CCCN2C)c([2H])c1[2H]
Nigericin,+NH4,742.51,742.5109,23.842,267.34,"1S/C40H68O11/c1-21-11-12-28(46-33(21)26(6)36(42)43)17-29-18-30(45-10)27(7)40(48-29)25(5)19-38(9,51-40)32-13-14-37(8,49-32)35-23(3)16-31(47-35)34-22(2)15-24(4)39(44,20-41)50-34/h21-35,41,44H,11-20H2,1-10H3,(H,42,43)/t21-,22-,23-,24+,25+,26+,27+,28+,29+,30+,31+,32+,33+,34-,35+,37-,38-,39-,40+/m0/s1",CO[C@@H]1C[C@@H](C[C@H]2CC[C@H](C)[C@H]([C@@H](C)C(=O)O)O2)O[C@]2(O[C@](C)([C@H]3CC[C@@](C)([C@@H]4O[C@@H]([C@H]5O[C@@](O)(CO)[C@H](C)C[C@@H]5C)C[C@@H]4C)O3)C[C@H]2C)[C@@H]1C
Octocrylene,+Na,384.1934,384.1937,20.099,207.82,"1S/C24H27NO2/c1-3-5-12-19(4-2)18-27-24(26)22(17-25)23(20-13-8-6-9-14-20)21-15-10-7-11-16-21/h6-11,13-16,19H,3-5,12,18H2,1-2H3/t19-/m0/s1",CCCC[C@H](CC)COC(=O)C(C#N)=C(c1ccccc1)c1ccccc1
Octocrylene,+Na,384.1934,384.1937,20.099,207.82,"1S/C24H27NO2/c1-3-5-12-19(4-2)18-27-24(26)22(17-25)23(20-13-8-6-9-14-20)21-15-10-7-11-16-21/h6-11,13-16,19H,3-5,12,18H2,1-2H3/t19-/m0/s1",CCCC[C@H](CC)COC(=O)C(C#N)=C(c1ccccc1)c1ccccc1
Octocrylene,+H,362.2115,362.2115,20.086,208.83,"1S/C24H27NO2/c1-3-5-12-19(4-2)18-27-24(26)22(17-25)23(20-13-8-6-9-14-20)21-15-10-7-11-16-21/h6-11,13-16,19H,3-5,12,18H2,1-2H3/t19-/m0/s1",CCCC[C@H](CC)COC(=O)C(C#N)=C(c1ccccc1)c1ccccc1
Octocrylene,+H,362.2115,362.2115,20.086,208.83,"1S/C24H27NO2/c1-3-5-12-19(4-2)18-27-24(26)22(17-25)23(20-13-8-6-9-14-20)21-15-10-7-11-16-21/h6-11,13-16,19H,3-5,12,18H2,1-2H3/t19-/m0/s1",CCCC[C@H](CC)COC(=O)C(C#N)=C(c1ccccc1)c1ccccc1
Octocrylene,+NH4,379.238,379.2379,20.189,206.96,"1S/C24H27NO2/c1-3-5-12-19(4-2)18-27-24(26)22(17-25)23(20-13-8-6-9-14-20)21-15-10-7-11-16-21/h6-11,13-16,19H,3-5,12,18H2,1-2H3/t19-/m0/s1",CCCC[C@H](CC)COC(=O)C(C#N)=C(c1ccccc1)c1ccccc1
Octocrylene,+NH4,379.238,379.2379,20.189,206.96,"1S/C24H27NO2/c1-3-5-12-19(4-2)18-27-24(26)22(17-25)23(20-13-8-6-9-14-20)21-15-10-7-11-16-21/h6-11,13-16,19H,3-5,12,18H2,1-2H3/t19-/m0/s1",CCCC[C@H](CC)COC(=O)C(C#N)=C(c1ccccc1)c1ccccc1
Octocrylene,+Na,384.1934,384.1935,20.181,206.67,"1S/C24H27NO2/c1-3-5-12-19(4-2)18-27-24(26)22(17-25)23(20-13-8-6-9-14-20)21-15-10-7-11-16-21/h6-11,13-16,19H,3-5,12,18H2,1-2H3/t19-/m0/s1",CCCC[C@H](CC)COC(=O)C(C#N)=C(c1ccccc1)c1ccccc1
Octocrylene,+Na,384.1934,384.1935,20.181,206.67,"1S/C24H27NO2/c1-3-5-12-19(4-2)18-27-24(26)22(17-25)23(20-13-8-6-9-14-20)21-15-10-7-11-16-21/h6-11,13-16,19H,3-5,12,18H2,1-2H3/t19-/m0/s1",CCCC[C@H](CC)COC(=O)C(C#N)=C(c1ccccc1)c1ccccc1
Octocrylene,+H,362.2115,362.2115,20.185,195.56,"1S/C24H27NO2/c1-3-5-12-19(4-2)18-27-24(26)22(17-25)23(20-13-8-6-9-14-20)21-15-10-7-11-16-21/h6-11,13-16,19H,3-5,12,18H2,1-2H3/t19-/m0/s1",CCCC[C@H](CC)COC(=O)C(C#N)=C(c1ccccc1)c1ccccc1
Octocrylene,+H,362.2115,362.2115,20.185,195.56,"1S/C24H27NO2/c1-3-5-12-19(4-2)18-27-24(26)22(17-25)23(20-13-8-6-9-14-20)21-15-10-7-11-16-21/h6-11,13-16,19H,3-5,12,18H2,1-2H3/t19-/m0/s1",CCCC[C@H](CC)COC(=O)C(C#N)=C(c1ccccc1)c1ccccc1
Ofloxacin,+H,362.1511,362.1509,4.813,189.91,"1S/C18H20FN3O4/c1-10-9-26-17-14-11(16(23)12(18(24)25)8-22(10)14)7-13(19)15(17)21-5-3-20(2)4-6-21/h7-8,10H,3-6,9H2,1-2H3,(H,24,25)",CC1COc2c(N3CCN(C)CC3)c(F)cc3c(=O)c(C(=O)O)cn1c23
OIT,+Na,236.108,236.108,12.569,224.99,"1S/C11H19NOS/c1-2-3-4-5-6-7-9-12-11(13)8-10-14-12/h8,10H,2-7,9H2,1H3",CCCCCCCCn1sccc1=O
OIT,+H,214.126,214.1262,12.576,224.93,"1S/C11H19NOS/c1-2-3-4-5-6-7-9-12-11(13)8-10-14-12/h8,10H,2-7,9H2,1H3",CCCCCCCCn1sccc1=O
Oleamide,+Na,304.2611,304.2614,20.209,187.47,"1S/C18H35NO/c1-2-3-4-5-6-7-8-9-10-11-12-13-14-15-16-17-18(19)20/h9-10H,2-8,11-17H2,1H3,(H2,19,20)/b10-9-",CCCCCCCC/C=C\CCCCCCCC(=N)O
Oleamide,+H,282.2791,282.2791,20.197,195.0,"1S/C18H35NO/c1-2-3-4-5-6-7-8-9-10-11-12-13-14-15-16-17-18(19)20/h9-10H,2-8,11-17H2,1H3,(H2,19,20)/b10-9-",CCCCCCCC/C=C\CCCCCCCC(=N)O
Omethoate,+Na,236.0117,236.0116,2.888,143.42,"1S/C5H12NO4PS/c1-6-5(7)4-12-11(8,9-2)10-3/h4H2,1-3H3,(H,6,7)",CN=C(O)CSP(=O)(OC)OC
Omethoate,+H,214.0297,214.0297,2.888,135.6,"1S/C5H12NO4PS/c1-6-5(7)4-12-11(8,9-2)10-3/h4H2,1-3H3,(H,6,7)",CN=C(O)CSP(=O)(OC)OC
Oxybenzone,+H,229.0859,229.0859,13.752,148.38,"1S/C14H12O3/c1-17-11-7-8-12(13(15)9-11)14(16)10-5-3-2-4-6-10/h2-9,15H,1H3",COc1ccc(C(=O)c2ccccc2)c(O)c1
Pendimethalin,+H,282.1448,282.1448,17.682,163.22,"1S/C13H19N3O4/c1-5-10(6-2)14-12-11(15(17)18)7-8(3)9(4)13(12)16(19)20/h7,10,14H,5-6H2,1-4H3",CCC(CC)Nc1c([N+](=O)[O-])cc(C)c(C)c1[N+](=O)[O-]
Penicillin,+H,335.106,335.1058,8.794,181.65,"1S/C16H18N2O4S/c1-16(2)12(15(21)22)18-13(20)11(14(18)23-16)17-10(19)8-9-6-4-3-5-7-9/h3-7,11-12,14H,8H2,1-2H3,(H,17,19)(H,21,22)/t11-,12?,14-/m1/s1",CC1(C)S[C@@H]2[C@H](N=C(O)Cc3ccccc3)C(=O)N2C1C(=O)O
Phenazine,+H,181.076,181.0761,9.39,132.55,1S/C12H8N2/c1-2-6-10-9(5-1)13-11-7-3-4-8-12(11)14-10/h1-8H,c1ccc2nc3ccccc3nc2c1
Progesterone,+Na,337.2138,337.2143,14.096,207.85,"1S/C21H30O2/c1-13(22)17-6-7-18-16-5-4-14-12-15(23)8-10-20(14,2)19(16)9-11-21(17,18)3/h12,16-19H,4-11H2,1-3H3/t16-,17+,18-,19-,20-,21+/m0/s1",CC(=O)[C@H]1CC[C@H]2[C@@H]3CCC4=CC(=O)CC[C@]4(C)[C@H]3CC[C@]12C
Progesterone,+Na,337.2138,337.2143,14.096,207.85,"1S/C21H30O2/c1-13(22)17-6-7-18-16-5-4-14-12-15(23)8-10-20(14,2)19(16)9-11-21(17,18)3/h12,16-19H,4-11H2,1-3H3/t16-,17+,18-,19-,20-,21+/m0/s1",CC(=O)[C@H]1CC[C@H]2[C@@H]3CCC4=CC(=O)CC[C@]4(C)[C@H]3CC[C@]12C
Progesterone,+H,315.2319,315.2319,14.099,180.47,"1S/C21H30O2/c1-13(22)17-6-7-18-16-5-4-14-12-15(23)8-10-20(14,2)19(16)9-11-21(17,18)3/h12,16-19H,4-11H2,1-3H3/t16-,17+,18-,19-,20-,21+/m0/s1",CC(=O)[C@H]1CC[C@H]2[C@@H]3CCC4=CC(=O)CC[C@]4(C)[C@H]3CC[C@]12C
Progesterone,+H,315.2319,315.2319,14.099,180.47,"1S/C21H30O2/c1-13(22)17-6-7-18-16-5-4-14-12-15(23)8-10-20(14,2)19(16)9-11-21(17,18)3/h12,16-19H,4-11H2,1-3H3/t16-,17+,18-,19-,20-,21+/m0/s1",CC(=O)[C@H]1CC[C@H]2[C@@H]3CCC4=CC(=O)CC[C@]4(C)[C@H]3CC[C@]12C
Progesterone,+Na,337.2138,337.2137,14.136,205.29,"1S/C21H30O2/c1-13(22)17-6-7-18-16-5-4-14-12-15(23)8-10-20(14,2)19(16)9-11-21(17,18)3/h12,16-19H,4-11H2,1-3H3/t16-,17+,18-,19-,20-,21+/m0/s1",CC(=O)[C@H]1CC[C@H]2[C@@H]3CCC4=CC(=O)CC[C@]4(C)[C@H]3CC[C@]12C
Progesterone,+Na,337.2138,337.2137,14.136,205.29,"1S/C21H30O2/c1-13(22)17-6-7-18-16-5-4-14-12-15(23)8-10-20(14,2)19(16)9-11-21(17,18)3/h12,16-19H,4-11H2,1-3H3/t16-,17+,18-,19-,20-,21+/m0/s1",CC(=O)[C@H]1CC[C@H]2[C@@H]3CCC4=CC(=O)CC[C@]4(C)[C@H]3CC[C@]12C
Progesterone,+H,315.2319,315.2318,14.137,179.56,"1S/C21H30O2/c1-13(22)17-6-7-18-16-5-4-14-12-15(23)8-10-20(14,2)19(16)9-11-21(17,18)3/h12,16-19H,4-11H2,1-3H3/t16-,17+,18-,19-,20-,21+/m0/s1",CC(=O)[C@H]1CC[C@H]2[C@@H]3CCC4=CC(=O)CC[C@]4(C)[C@H]3CC[C@]12C
Progesterone,+H,315.2319,315.2318,14.137,179.56,"1S/C21H30O2/c1-13(22)17-6-7-18-16-5-4-14-12-15(23)8-10-20(14,2)19(16)9-11-21(17,18)3/h12,16-19H,4-11H2,1-3H3/t16-,17+,18-,19-,20-,21+/m0/s1",CC(=O)[C@H]1CC[C@H]2[C@@H]3CCC4=CC(=O)CC[C@]4(C)[C@H]3CC[C@]12C
Propamocarb,+H,189.1598,189.1593,3.074,147.12,"1S/C9H20N2O2/c1-4-8-13-9(12)10-6-5-7-11(2)3/h4-8H2,1-3H3,(H,10,12)",CCCOC(O)=NCCCN(C)C
Propazine,+H,230.1167,230.1165,11.361,154.74,"1S/C9H16ClN5/c1-5(2)11-8-13-7(10)14-9(15-8)12-6(3)4/h5-6H,1-4H3,(H2,11,12,13,14,15)",CC(C)N=c1nc(Cl)[nH]c(=NC(C)C)[nH]1
Propiconazole,+H,342.0771,342.077,14.071,178.57,"1S/C15H17Cl2N3O2/c1-2-3-12-7-21-15(22-12,8-20-10-18-9-19-20)13-5-4-11(16)6-14(13)17/h4-6,9-10,12H,2-3,7-8H2,1H3",CCCC1COC(Cn2cncn2)(c2ccc(Cl)cc2Cl)O1
Propiconazole (2),+H,342.0771,342.0769,14.181,178.44,"1S/C15H17Cl2N3O2/c1-2-3-12-7-21-15(22-12,8-20-10-18-9-19-20)13-5-4-11(16)6-14(13)17/h4-6,9-10,12H,2-3,7-8H2,1H3",CCCC1COC(Cn2cncn2)(c2ccc(Cl)cc2Cl)O1
PropylParaben,+H,181.0859,181.0859,10.056,181.83,"1S/C10H12O3/c1-2-7-13-10(12)8-3-5-9(11)6-4-8/h3-6,11H,2,7H2,1H3",CCCOC(=O)c1ccc(O)cc1
Propylparaben-d4,+H,185.1115,185.1119,10.239,134.42,"1S/C10H12O3/c1-2-7-13-10(12)8-3-5-9(11)6-4-8/h3-6,11H,2,7H2,1H3/i3D,4D,5D,6D",[2H]c1c([2H])c(C(=O)OCCC)c([2H])c([2H])c1O
Pyridinium Furosemide,+H,328.9993,328.9992,0.555,168.17,"1S/C12H9ClN2O5S/c13-9-5-10(15-3-1-2-7(16)6-15)8(12(17)18)4-11(9)21(14,19)20/h1-6H,(H3-,14,16,17,18,19,20)",NS(=O)(=O)c1cc(C(=O)[O-])c(-[n+]2cccc(O)c2)cc1Cl
Pyridinium Furosemide,+H,328.9993,328.9992,0.555,168.17,"1S/C12H9ClN2O5S/c13-9-5-10(15-3-1-2-7(16)6-15)8(12(17)18)4-11(9)21(14,19)20/h1-6H,(H3-,14,16,17,18,19,20)",NS(=O)(=O)c1cc(C(=O)[O-])c(-[n+]2cccc(O)c2)cc1Cl
Raffinose,+Na,527.1583,527.1576,0.572,205.26,"1S/C18H32O16/c19-1-5-8(22)11(25)13(27)16(31-5)30-3-7-9(23)12(26)14(28)17(32-7)34-18(4-21)15(29)10(24)6(2-20)33-18/h5-17,19-29H,1-4H2/t5-,6-,7-,8+,9-,10-,11+,12+,13-,14-,15+,16+,17-,18+/m1/s1",OC[C@H]1O[C@@](CO)(O[C@H]2O[C@H](CO[C@H]3O[C@H](CO)[C@H](O)[C@H](O)[C@H]3O)[C@@H](O)[C@H](O)[C@H]2O)[C@@H](O)[C@@H]1O
Raffinose,+Na,527.1583,527.1576,0.572,205.26,"1S/C18H32O16/c19-1-5-8(22)11(25)13(27)16(31-5)30-3-7-9(23)12(26)14(28)17(32-7)34-18(4-21)15(29)10(24)6(2-20)33-18/h5-17,19-29H,1-4H2/t5-,6-,7-,8+,9-,10-,11+,12+,13-,14-,15+,16+,17-,18+/m1/s1",OC[C@H]1O[C@@](CO)(O[C@H]2O[C@H](CO[C@H]3O[C@H](CO)[C@H](O)[C@H](O)[C@H]3O)[C@@H](O)[C@H](O)[C@H]2O)[C@@H](O)[C@@H]1O
Ranitidine N-Oxide,+H,331.1435,331.1434,1.133,166.08,"1S/C13H22N4O4S/c1-14-13(9-17(18)19)15-6-7-22(20)10-12-5-4-11(21-12)8-16(2)3/h4-5,9,14-15H,6-8,10H2,1-3H3/b13-9+",CN/C(=C\[N+](=O)[O-])NCCS(=O)Cc1ccc(CN(C)C)o1
Ranitidine S-Oxide,+H,331.1435,331.1425,1.155,166.43,"1S/C13H22N4O4S/c1-14-13(9-17(18)19)15-6-7-22(20)10-12-5-4-11(21-12)8-16(2)3/h4-5,9,14-15H,6-8,10H2,1-3H3/b13-9+",CN/C(=C\[N+](=O)[O-])NCCS(=O)Cc1ccc(CN(C)C)o1
Reserpine,-e,608.2728,608.2718,10.588,240.67,"1S/C33H40N2O9/c1-38-19-7-8-20-21-9-10-35-16-18-13-27(44-32(36)17-11-25(39-2)30(41-4)26(12-17)40-3)31(42-5)28(33(37)43-6)22(18)15-24(35)29(21)34-23(20)14-19/h7-8,11-12,14,18,22,24,27-28,31,34H,9-10,13,15-16H2,1-6H3/t18-,22+,24-,27-,28+,31+/m0/s1",COC(=O)[C@H]1[C@H](OC)[C@@H](OC(=O)c2cc(OC)c(OC)c(OC)c2)C[C@H]2CN3CCc4c([nH]c5cc(OC)ccc45)[C@@H]3C[C@H]21
Reserpine,+H,609.2807,609.2808,10.587,250.86,"1S/C33H40N2O9/c1-38-19-7-8-20-21-9-10-35-16-18-13-27(44-32(36)17-11-25(39-2)30(41-4)26(12-17)40-3)31(42-5)28(33(37)43-6)22(18)15-24(35)29(21)34-23(20)14-19/h7-8,11-12,14,18,22,24,27-28,31,34H,9-10,13,15-16H2,1-6H3/t18-,22+,24-,27-,28+,31+/m0/s1",COC(=O)[C@H]1[C@H](OC)[C@@H](OC(=O)c2cc(OC)c(OC)c(OC)c2)C[C@H]2CN3CCc4c([nH]c5cc(OC)ccc45)[C@@H]3C[C@H]21
Rifampicin,+H,823.4124,823.4129,13.129,287.68,"1S/C43H58N4O12/c1-21-12-11-13-22(2)42(55)45-33-28(20-44-47-17-15-46(9)16-18-47)37(52)30-31(38(33)53)36(51)26(6)40-32(30)41(54)43(8,59-40)57-19-14-29(56-10)23(3)39(58-27(7)48)25(5)35(50)24(4)34(21)49/h11-14,19-21,23-25,29,34-35,39,49-53H,15-18H2,1-10H3,(H,45,55)/b12-11+,19-14+,22-13-,44-20+/t21-,23+,24+,25+,29-,34-,35+,39+,43-/m0/s1",CO[C@H]1/C=C/O[C@@]2(C)Oc3c(C)c(O)c4c(O)c(c(/C=N/N5CCN(C)CC5)c(O)c4c3C2=O)N=C(O)/C(C)=C\C=C\[C@H](C)[C@H](O)[C@@H](C)[C@@H](O)[C@@H](C)[C@H](OC(C)=O)[C@@H]1C
Rifaximin,-e,785.3518,785.3512,12.984,267.4,"1S/C43H51N3O11/c1-19-14-16-46-28(18-19)44-32-29-30-37(50)25(7)40-31(29)41(52)43(9,57-40)55-17-15-27(54-10)22(4)39(56-26(8)47)24(6)36(49)23(5)35(48)20(2)12-11-13-21(3)42(53)45-33(34(32)46)38(30)51/h11-18,20,22-24,27,35-36,39,48-51H,1-10H3,(H,45,53)/b12-11+,17-15+,21-13-/t20-,22+,23+,24+,27-,35-,36+,39+,43-/m0/s1",CO[C@H]1/C=C/O[C@@]2(C)Oc3c(C)c(O)c4c(O)c(c5c(nc6cc(C)ccn65)c4c3C2=O)N=C(O)/C(C)=C\C=C\[C@H](C)[C@H](O)[C@@H](C)[C@@H](O)[C@@H](C)[C@H](OC(C)=O)[C@@H]1C
Rifaximin,+Na,808.3416,808.3421,12.978,275.55,"1S/C43H51N3O11/c1-19-14-16-46-28(18-19)44-32-29-30-37(50)25(7)40-31(29)41(52)43(9,57-40)55-17-15-27(54-10)22(4)39(56-26(8)47)24(6)36(49)23(5)35(48)20(2)12-11-13-21(3)42(53)45-33(34(32)46)38(30)51/h11-18,20,22-24,27,35-36,39,48-51H,1-10H3,(H,45,53)/b12-11+,17-15+,21-13-/t20-,22+,23+,24+,27-,35-,36+,39+,43-/m0/s1",CO[C@H]1/C=C/O[C@@]2(C)Oc3c(C)c(O)c4c(O)c(c5c(nc6cc(C)ccn65)c4c3C2=O)N=C(O)/C(C)=C\C=C\[C@H](C)[C@H](O)[C@@H](C)[C@@H](O)[C@@H](C)[C@H](OC(C)=O)[C@@H]1C
Rifaximin,+H,786.3596,786.3603,12.981,270.99,"1S/C43H51N3O11/c1-19-14-16-46-28(18-19)44-32-29-30-37(50)25(7)40-31(29)41(52)43(9,57-40)55-17-15-27(54-10)22(4)39(56-26(8)47)24(6)36(49)23(5)35(48)20(2)12-11-13-21(3)42(53)45-33(34(32)46)38(30)51/h11-18,20,22-24,27,35-36,39,48-51H,1-10H3,(H,45,53)/b12-11+,17-15+,21-13-/t20-,22+,23+,24+,27-,35-,36+,39+,43-/m0/s1",CO[C@H]1/C=C/O[C@@]2(C)Oc3c(C)c(O)c4c(O)c(c5c(nc6cc(C)ccn65)c4c3C2=O)N=C(O)/C(C)=C\C=C\[C@H](C)[C@H](O)[C@@H](C)[C@@H](O)[C@@H](C)[C@H](OC(C)=O)[C@@H]1C
Saccharin,+H,184.0063,184.0067,2.911,132.83,"1S/C7H5NO3S/c9-7-5-3-1-2-4-6(5)12(10,11)8-7/h1-4H,(H,8,9)",O=S1(=O)N=C(O)c2ccccc21
Sebuthylazine,+H,230.1167,230.1168,11.158,154.8,"1S/C9H16ClN5/c1-4-6(3)12-9-14-7(10)13-8(15-9)11-5-2/h6H,4-5H2,1-3H3,(H2,11,12,13,14,15)/t6-/m1/s1",CCN=c1nc(Cl)[nH]c(=N[C@H](C)CC)[nH]1
Simazine,+H,202.0854,202.0855,7.955,143.15,"1S/C7H12ClN5/c1-3-9-6-11-5(8)12-7(13-6)10-4-2/h3-4H2,1-2H3,(H2,9,10,11,12,13)",CCN=c1nc(Cl)[nH]c(=NCC)[nH]1
Simazine-2-OH,+H,184.1193,184.1192,3.581,141.12,"1S/C7H13N5O/c1-3-8-5-10-6(9-4-2)12-7(13)11-5/h3-4H2,1-2H3,(H3,8,9,10,11,12,13)",CCN=c1nc(O)[nH]c(=NCC)[nH]1
Simazine-d10,+H,212.1482,212.1476,7.803,143.27,"1S/C7H12ClN5/c1-3-9-6-11-5(8)12-7(13-6)10-4-2/h3-4H2,1-2H3,(H2,9,10,11,12,13)/i1D3,2D3,3D2,4D2",[2H]C([2H])([2H])C([2H])([2H])N=c1nc(Cl)[nH]c(=NC([2H])([2H])C([2H])([2H])[2H])[nH]1
Simvastatin,+NH4,436.3057,436.3052,16.965,207.05,"1S/C25H38O5/c1-6-25(4,5)24(28)30-21-12-15(2)11-17-8-7-16(3)20(23(17)21)10-9-19-13-18(26)14-22(27)29-19/h7-8,11,15-16,18-21,23,26H,6,9-10,12-14H2,1-5H3/t15-,16-,18+,19+,20-,21+,23-/m1/s1",CCC(C)(C)C(=O)O[C@H]1C[C@H](C)C=C2C=C[C@@H](C)[C@@H](CC[C@H]3C[C@H](O)CC(=O)O3)[C@@H]21
Simvastatin,+Na,441.2611,441.261,16.963,206.87,"1S/C25H38O5/c1-6-25(4,5)24(28)30-21-12-15(2)11-17-8-7-16(3)20(23(17)21)10-9-19-13-18(26)14-22(27)29-19/h7-8,11,15-16,18-21,23,26H,6,9-10,12-14H2,1-5H3/t15-,16-,18+,19+,20-,21+,23-/m1/s1",CCC(C)(C)C(=O)O[C@H]1C[C@H](C)C=C2C=C[C@@H](C)[C@@H](CC[C@H]3C[C@H](O)CC(=O)O3)[C@@H]21
Simvastatin,+H,419.2792,419.2788,16.961,197.6,"1S/C25H38O5/c1-6-25(4,5)24(28)30-21-12-15(2)11-17-8-7-16(3)20(23(17)21)10-9-19-13-18(26)14-22(27)29-19/h7-8,11,15-16,18-21,23,26H,6,9-10,12-14H2,1-5H3/t15-,16-,18+,19+,20-,21+,23-/m1/s1",CCC(C)(C)C(=O)O[C@H]1C[C@H](C)C=C2C=C[C@@H](C)[C@@H](CC[C@H]3C[C@H](O)CC(=O)O3)[C@@H]21
Spinosad A,+H,732.4681,732.4689,13.773,269.23,"1S/C41H65NO10/c1-10-26-12-11-13-34(52-36-17-16-33(42(5)6)23(3)48-36)22(2)37(44)32-20-30-28(31(32)21-35(43)50-26)15-14-25-18-27(19-29(25)30)51-41-40(47-9)39(46-8)38(45-7)24(4)49-41/h14-15,20,22-31,33-34,36,38-41H,10-13,16-19,21H2,1-9H3/t22-,23?,24?,25?,26?,27?,28-,29-,30?,31+,33?,34?,36?,38?,39?,40?,41?/m1/s1",CCC1CCCC(OC2CCC(N(C)C)C(C)O2)[C@@H](C)C(=O)C2=CC3[C@@H]4CC(OC5OC(C)C(OC)C(OC)C5OC)CC4C=C[C@H]3[C@@H]2CC(=O)O1
Sucralose,+Na,419.0038,419.0018,4.81,176.42,"1S/C12H19Cl3O8/c13-1-4-7(17)10(20)12(3-14,22-4)23-11-9(19)8(18)6(15)5(2-16)21-11/h4-11,16-20H,1-3H2/t4-,5-,6+,7-,8+,9-,10+,11-,12+/m1/s1",OC[C@H]1O[C@H](O[C@]2(CCl)O[C@H](CCl)[C@@H](O)[C@@H]2O)[C@H](O)[C@@H](O)[C@H]1Cl
Sudan I,-e,248.0944,248.0942,17.164,151.39,"1S/C16H12N2O/c19-15-11-10-12-6-4-5-9-14(12)16(15)18-17-13-7-2-1-3-8-13/h1-11,17H/b18-16-",O=C1C=Cc2ccccc2/C1=N/Nc1ccccc1
Sudan I,+H,249.1022,249.1022,17.164,155.41,"1S/C16H12N2O/c19-15-11-10-12-6-4-5-9-14(12)16(15)18-17-13-7-2-1-3-8-13/h1-11,17H/b18-16-",O=C1C=Cc2ccccc2/C1=N/Nc1ccccc1
Sulfadiazine,+Na,273.0417,273.0414,3.189,226.64,"1S/C10H10N4O2S/c11-8-2-4-9(5-3-8)17(15,16)14-10-12-6-1-7-13-10/h1-7H,11H2,(H,12,13,14)",Nc1ccc(S(=O)(=O)Nc2ncccn2)cc1
Sulfadiazine,+H,251.0597,251.0595,3.185,152.92,"1S/C10H10N4O2S/c11-8-2-4-9(5-3-8)17(15,16)14-10-12-6-1-7-13-10/h1-7H,11H2,(H,12,13,14)",Nc1ccc(S(=O)(=O)Nc2ncccn2)cc1
Sulfamethoxazole,+Na,276.0413,276.0414,5.977,161.93,"1S/C10H11N3O3S/c1-7-6-10(12-16-7)13-17(14,15)9-4-2-8(11)3-5-9/h2-6H,11H2,1H3,(H,12,13)",Cc1cc(NS(=O)(=O)c2ccc(N)cc2)no1
Sulfamethoxazole,+H,254.0594,254.0595,5.979,151.02,"1S/C10H11N3O3S/c1-7-6-10(12-16-7)13-17(14,15)9-4-2-8(11)3-5-9/h2-6H,11H2,1H3,(H,12,13)",Cc1cc(NS(=O)(=O)c2ccc(N)cc2)no1
Sulfamethoxazole hydroxylamine,+H,270.0543,270.0537,5.62,156.37,"1S/C10H11N3O4S/c1-7-6-10(12-17-7)13-18(15,16)9-4-2-8(11-14)3-5-9/h2-6,11,14H,1H3,(H,12,13)",Cc1cc(NS(=O)(=O)c2ccc(NO)cc2)no1
Sulfamethoxazole-d4,+Na,280.0664,280.0662,6.052,164.96,"1S/C10H11N3O3S/c1-7-6-10(12-16-7)13-17(14,15)9-4-2-8(11)3-5-9/h2-6H,11H2,1H3,(H,12,13)/i2D,3D,4D,5D",[2H]c1c([2H])c(S(=O)(=O)Nc2cc(C)on2)c([2H])c([2H])c1N
Sulfamethoxazole-d4,+H,258.0842,258.0841,6.052,154.63,"1S/C10H11N3O3S/c1-7-6-10(12-16-7)13-17(14,15)9-4-2-8(11)3-5-9/h2-6H,11H2,1H3,(H,12,13)/i2D,3D,4D,5D",[2H]c1c([2H])c(S(=O)(=O)Nc2cc(C)on2)c([2H])c([2H])c1N
TCMTB,+H,238.9766,238.9765,12.544,143.66,"1S/C9H6N2S3/c10-5-12-6-13-9-11-7-3-1-2-4-8(7)14-9/h1-4H,6H2",N#CSCSc1nc2ccccc2s1
Tebuconazole,+H,308.1524,308.1524,13.38,169.61,"1S/C16H22ClN3O/c1-15(2,3)16(21,10-20-12-18-11-19-20)9-8-13-4-6-14(17)7-5-13/h4-7,11-12,21H,8-10H2,1-3H3",CC(C)(C)C(O)(CCc1ccc(Cl)cc1)Cn1cncn1
Terbuthylazine,+H,230.1167,230.1169,11.762,154.83,"1S/C9H16ClN5/c1-5-11-7-12-6(10)13-8(14-7)15-9(2,3)4/h5H2,1-4H3,(H2,11,12,13,14,15)",CCN=c1nc(Cl)nc(NC(C)(C)C)[nH]1
Terbuthylazine-d5,+H,235.1479,235.1477,11.703,158.51,nan,
Terbutryn,+H,242.1434,242.1432,9.801,163.02,"1S/C10H19N5S/c1-6-11-7-12-8(15-10(2,3)4)14-9(13-7)16-5/h6H2,1-5H3,(H2,11,12,13,14,15)",CCN=c1nc(NC(C)(C)C)[nH]c(SC)n1
Testosterone,+Na,311.1982,311.1978,11.044,199.58,"1S/C19H28O2/c1-18-9-7-13(20)11-12(18)3-4-14-15-5-6-17(21)19(15,2)10-8-16(14)18/h11,14-17,21H,3-10H2,1-2H3/t14-,15-,16-,17-,18-,19-/m0/s1",C[C@]12CC[C@H]3[C@@H](CCC4=CC(=O)CC[C@@]43C)[C@@H]1CC[C@@H]2O
Testosterone,+H,289.2162,289.2159,11.048,173.14,"1S/C19H28O2/c1-18-9-7-13(20)11-12(18)3-4-14-15-5-6-17(21)19(15,2)10-8-16(14)18/h11,14-17,21H,3-10H2,1-2H3/t14-,15-,16-,17-,18-,19-/m0/s1",C[C@]12CC[C@H]3[C@@H](CCC4=CC(=O)CC[C@@]43C)[C@@H]1CC[C@@H]2O
Tetracycline,+Na,467.1425,467.1429,5.214,203.38,"1S/C22H24N2O8/c1-21(31)8-5-4-6-11(25)12(8)16(26)13-9(21)7-10-15(24(2)3)17(27)14(20(23)30)19(29)22(10,32)18(13)28/h4-6,9-10,15,25,27-28,31-32H,7H2,1-3H3,(H2,23,30)/t9-,10-,15-,21+,22-/m0/s1",CN(C)[C@@H]1C(O)=C(C(=N)O)C(=O)[C@@]2(O)C(O)=C3C(=O)c4c(O)cccc4[C@@](C)(O)[C@H]3C[C@@H]12
Tetracycline,+Na,467.1425,467.1429,5.214,203.38,"1S/C22H24N2O8/c1-21(31)8-5-4-6-11(25)12(8)16(26)13-9(21)7-10-15(24(2)3)17(27)14(20(23)30)19(29)22(10,32)18(13)28/h4-6,9-10,15,25,27-28,31-32H,7H2,1-3H3,(H2,23,30)/t9-,10-,15-,21+,22-/m0/s1",CN(C)[C@@H]1C(O)=C(C(=N)O)C(=O)[C@@]2(O)C(O)=C3C(=O)c4c(O)cccc4[C@@](C)(O)[C@H]3C[C@@H]12
Tetracycline,+H,445.1605,445.1598,5.21,194.65,"1S/C22H24N2O8/c1-21(31)8-5-4-6-11(25)12(8)16(26)13-9(21)7-10-15(24(2)3)17(27)14(20(23)30)19(29)22(10,32)18(13)28/h4-6,9-10,15,25,27-28,31-32H,7H2,1-3H3,(H2,23,30)/t9-,10-,15-,21+,22-/m0/s1",CN(C)[C@@H]1C(O)=C(C(=N)O)C(=O)[C@@]2(O)C(O)=C3C(=O)c4c(O)cccc4[C@@](C)(O)[C@H]3C[C@@H]12
Tetracycline,+H,445.1605,445.1598,5.21,194.65,"1S/C22H24N2O8/c1-21(31)8-5-4-6-11(25)12(8)16(26)13-9(21)7-10-15(24(2)3)17(27)14(20(23)30)19(29)22(10,32)18(13)28/h4-6,9-10,15,25,27-28,31-32H,7H2,1-3H3,(H2,23,30)/t9-,10-,15-,21+,22-/m0/s1",CN(C)[C@@H]1C(O)=C(C(=N)O)C(=O)[C@@]2(O)C(O)=C3C(=O)c4c(O)cccc4[C@@](C)(O)[C@H]3C[C@@H]12
Tetraethylammonium,-e,130.159,130.1591,0.929,128.18,"1S/C8H20N/c1-5-9(6-2,7-3)8-4/h5-8H2,1-4H3/q+1",CC[N+](CC)(CC)CC
Tetrahexylammonium,-e,354.4094,354.4094,17.24,218.29,"1S/C24H52N/c1-5-9-13-17-21-25(22-18-14-10-6-2,23-19-15-11-7-3)24-20-16-12-8-4/h5-24H2,1-4H3/q+1",CCCCCC[N+](CCCCCC)(CCCCCC)CCCCCC
Theophylline,+H,181.072,181.0715,3.183,134.55,"1S/C7H8N4O2/c1-10-5-4(8-3-9-5)6(12)11(2)7(10)13/h3H,1-2H3,(H,8,9)",Cn1c(=O)c2nc[nH]c2n(C)c1=O
Thiabendazole,+H,202.0433,202.043,3.962,140.76,"1S/C10H7N3S/c1-2-4-8-7(3-1)12-10(13-8)9-5-14-6-11-9/h1-6H,(H,12,13)",c1ccc2[nH]c(-c3cscn3)nc2c1
tramadol,+H,264.1958,264.1964,5.838,162.81,"1S/C16H25NO2/c1-17(2)11-13-7-5-9-15(18)16(13)12-6-4-8-14(10-12)19-3/h4,6,8,10,13,15-16,18H,5,7,9,11H2,1-3H3/t13-,15-,16-/m1/s1",COc1cccc([C@@H]2[C@@H](CN(C)C)CCC[C@H]2O)c1
tramadol N-oxide,+H,280.1907,280.1915,6.182,167.27,"1S/C16H25NO3/c1-17(2,19)11-13-7-5-9-15(18)16(13)12-6-4-8-14(10-12)20-3/h4,6,8,10,13,15-16,18H,5,7,9,11H2,1-3H3/t13-,15-,16-/m1/s1",COc1cccc([C@@H]2[C@@H](C[N+](C)(C)[O-])CCC[C@H]2O)c1
Trichlorfon,+Na,278.9118,278.9116,5.357,148.25,"1S/C4H8Cl3O4P/c1-10-12(9,11-2)3(8)4(5,6)7/h3,8H,1-2H3",COP(=O)(OC)C(O)C(Cl)(Cl)Cl
Trichlorfon,+H,256.9299,256.93,5.357,135.79,"1S/C4H8Cl3O4P/c1-10-12(9,11-2)3(8)4(5,6)7/h3,8H,1-2H3",COP(=O)(OC)C(O)C(Cl)(Cl)Cl
Triclocarban-d4,-e,318.0026,318.0037,15.6,173.86,"1S/C13H9Cl3N2O/c14-8-1-3-9(4-2-8)17-13(19)18-10-5-6-11(15)12(16)7-10/h1-7H,(H2,17,18,19)/i1D,2D,3D,4D",[2H]c1c([2H])c(NC(O)=Nc2ccc(Cl)c(Cl)c2)c([2H])c([2H])c1Cl
Triclocarban-d4,+H,319.0101,319.01,15.594,173.7,"1S/C13H9Cl3N2O/c14-8-1-3-9(4-2-8)17-13(19)18-10-5-6-11(15)12(16)7-10/h1-7H,(H2,17,18,19)/i1D,2D,3D,4D",[2H]c1c([2H])c(NC(O)=Nc2ccc(Cl)c(Cl)c2)c([2H])c([2H])c1Cl
Trimethoprim,+H,291.1452,291.1451,4.604,174.18,"1S/C14H18N4O3/c1-19-10-5-8(6-11(20-2)12(10)21-3)4-9-7-17-14(16)18-13(9)15/h5-7H,4H2,1-3H3,(H4,15,16,17,18)",COc1cc(Cc2c[nH]c(=N)[nH]c2=N)cc(OC)c1OC
Tylosin,+H,916.5264,916.5275,9.553,316.03,"1S/C46H77NO17/c1-13-33-30(22-58-45-42(57-12)41(56-11)37(52)26(5)60-45)18-23(2)14-15-31(49)24(3)19-29(16-17-48)39(25(4)32(50)20-34(51)62-33)64-44-38(53)36(47(9)10)40(27(6)61-44)63-35-21-46(8,55)43(54)28(7)59-35/h14-15,17-18,24-30,32-33,35-45,50,52-55H,13,16,19-22H2,1-12H3/b15-14+,23-18+/t24-,25+,26-,27-,28+,29+,30?,32-,33-,35+,36-,37-,38-,39-,40-,41-,42-,43+,44+,45-,46-/m1/s1",CC[C@H]1OC(=O)C[C@@H](O)[C@H](C)[C@@H](O[C@@H]2O[C@H](C)[C@@H](O[C@H]3C[C@@](C)(O)[C@@H](O)[C@H](C)O3)[C@H](N(C)C)[C@H]2O)[C@@H](CC=O)C[C@@H](C)C(=O)/C=C/C(C)=C/C1CO[C@@H]1O[C@H](C)[C@@H](O)[C@@H](OC)[C@H]1OC
Vancomycin_2H_2+,-e,724.7219,724.7242,3.791,204.7,nan,
venlafaxine,+H,278.2115,278.2111,7.287,172.54,"1S/C17H27NO2/c1-18(2)13-16(17(19)11-5-4-6-12-17)14-7-9-15(20-3)10-8-14/h7-10,16,19H,4-6,11-13H2,1-3H3",COc1ccc(C(CN(C)C)C2(O)CCCCC2)cc1
Venlafaxine N-oxide,+Na,316.1883,316.1893,7.846,183.55,"1S/C17H27NO3/c1-18(2,20)13-16(17(19)11-5-4-6-12-17)14-7-9-15(21-3)10-8-14/h7-10,16,19H,4-6,11-13H2,1-3H3",COc1ccc(C(C[N+](C)(C)[O-])C2(O)CCCCC2)cc1
Venlafaxine N-oxide,+H,294.2064,294.206,7.847,175.4,"1S/C17H27NO3/c1-18(2,20)13-16(17(19)11-5-4-6-12-17)14-7-9-15(21-3)10-8-14/h7-10,16,19H,4-6,11-13H2,1-3H3",COc1ccc(C(C[N+](C)(C)[O-])C2(O)CCCCC2)cc1
